<?xml version="1.0" encoding="UTF-8"?><idempiere Name="Aramex" Version="1.0" idempiereVersion="" DataBaseVersion="" Description="" Author="" AuthorEmail="gaurav.sontakke@gmail.com" CreatedDate="2016-10-09 09:25:59.972" UpdatedDate="2016-10-09 09:25:59.972" PackOutVersion="100" UpdateDictionary="false" Client="0-SYSTEM-System" AD_Client_UU="11237b53-9592-4af1-b3c5-afd216514b5d">
    <AD_Menu type="table">
        <Parent_ID reference="uuid" reference-key="AD_Menu">9ecd6c35-bad3-491e-916d-cd826bc8e91f</Parent_ID>
        <SeqNo>0</SeqNo>
        <AD_Client_ID>0</AD_Client_ID>
        <AD_Org_ID>0</AD_Org_ID>
        <Name>Aramex Tracking</Name>
        <Description/>
        <Action>P</Action>
        <AD_Window_ID reference="id"/>
        <AD_Workflow_ID reference="id"/>
        <AD_Task_ID reference="id"/>
        <IsActive>Y</IsActive>
        <IsSummary>N</IsSummary>
        <AD_Process_ID reference="uuid" reference-key="AD_Process">039f68dd-a307-42bf-b9c9-99244d7c6eea</AD_Process_ID>
        <IsSOTrx>N</IsSOTrx>
        <AD_Form_ID reference="id"/>
        <IsReadOnly>N</IsReadOnly>
        <EntityType>U</EntityType>
        <IsCentrallyMaintained>Y</IsCentrallyMaintained>
        <AD_Menu_UU>32820441-bc10-4f95-bd30-cb71d7bb13a3</AD_Menu_UU>
        <AD_InfoWindow_ID reference="id"/>
        <AD_Menu_Trl type="translation">
            <Name>Aramex Tracking</Name>
            <Description/>
            <AD_Language>es_CO</AD_Language>
            <IsActive>Y</IsActive>
            <IsTranslated>N</IsTranslated>
        </AD_Menu_Trl>
        <AD_Process type="table">
            <AD_Client_ID>0</AD_Client_ID>
            <AD_Org_ID>0</AD_Org_ID>
            <IsActive>Y</IsActive>
            <Name>Aramex Tracking</Name>
            <Description/>
            <Help/>
            <ProcedureName/>
            <IsReport>N</IsReport>
            <Value>DS_AramexTracking</Value>
            <IsDirectPrint>N</IsDirectPrint>
            <AD_ReportView_ID reference="id"/>
            <Classname>com.examples.www.wsdl.HelloService_wsdl.TestWebService</Classname>
            <AccessLevel>3</AccessLevel>
            <EntityType>U</EntityType>
            <Statistic_Count>20</Statistic_Count>
            <Statistic_Seconds>438</Statistic_Seconds>
            <AD_PrintFormat_ID reference="id"/>
            <WorkflowValue/>
            <AD_Workflow_ID reference="id"/>
            <IsBetaFunctionality>N</IsBetaFunctionality>
            <IsServerProcess>N</IsServerProcess>
            <ShowHelp>Y</ShowHelp>
            <JasperReport/>
            <AD_Form_ID reference="id"/>
            <CopyFromProcess>N</CopyFromProcess>
            <AD_Process_UU>039f68dd-a307-42bf-b9c9-99244d7c6eea</AD_Process_UU>
            <AD_CtxHelp_ID reference="id"/>
            <AD_Process_Trl type="translation">
                <Help/>
                <Description/>
                <Name>Aramex Tracking</Name>
                <AD_Language>es_CO</AD_Language>
                <IsActive>Y</IsActive>
                <IsTranslated>N</IsTranslated>
            </AD_Process_Trl>
        </AD_Process>
    </AD_Menu>
</idempiere>
