<?xml version="1.0" encoding="UTF-8"?><idempiere Name="PA_DashboardContent" Version="1.0.0" idempiereVersion="3.1.0.qualifier" DataBaseVersion="2015-10-31" Description="" Author="SuperUser" AuthorEmail="superuser @ idempiere.com" CreatedDate="Thu Oct 10 19:11:45 IST 2019" UpdatedDate="Thu Oct 10 19:11:45 IST 2019" PackOutVersion="100" UpdateDictionary="true" Client="0-SYSTEM-System" AD_Client_UU="11237b53-9592-4af1-b3c5-afd216514b5d">
    <PA_DashboardContent type="table">
        <AD_Client_ID>0</AD_Client_ID>
        <AD_Org_ID>0</AD_Org_ID>
        <Name>Metabase Dashboard</Name>
        <AD_Window_ID reference="id"/>
        <Description/>
        <HTML/>
        <IsActive>Y</IsActive>
        <Line>0</Line>
        <PA_Goal_ID reference="id"/>
        <ColumnNo>1</ColumnNo>
        <ZulFilePath>/zul/metabase.zul</ZulFilePath>
        <IsCollapsible>Y</IsCollapsible>
        <GoalDisplay>T</GoalDisplay>
        <PA_DashboardContent_UU>2769b59a-ac08-4d44-b727-d8ad49c249c9</PA_DashboardContent_UU>
        <IsShowInDashboard>Y</IsShowInDashboard>
        <AD_Process_ID reference="id"/>
        <IsEmbedReportContent>N</IsEmbedReportContent>
        <ProcessParameters/>
        <IsCollapsedByDefault>N</IsCollapsedByDefault>
        <AD_User_ID reference="id">0</AD_User_ID>
        <AD_Role_ID reference="id">0</AD_Role_ID>
        <IsShowinLogin>Y</IsShowinLogin>
        <AD_Chart_ID reference="id"/>
        <PA_DashboardContent_Trl type="translation">
            <Description/>
            <Name>Metabase Dashboard</Name>
            <HTML/>
            <AD_Language>es_CO</AD_Language>
            <IsActive>Y</IsActive>
            <IsTranslated>N</IsTranslated>
        </PA_DashboardContent_Trl>
    </PA_DashboardContent>
</idempiere>
