<?xml version="1.0" encoding="UTF-8"?><?xml-stylesheet type="text/css" href="idempiereDocument.css"?><idempiereDocument>
    <header>HR Package Description</header>
    <H1>Package Name:</H1>
    <packagename>HR</packagename>
    <H1>Author:</H1>
    <Name:/>
    <H1>Email Address:</H1>
    <Email>gaurav.sontakke@gmail.com</Email>
    <H1>Created:</H1>
    <Date>2017-03-20 16:17:52.361</Date>
    <H1>Updated:</H1>
    <Date>2019-09-26 12:20:11.052</Date>
    <H1>Description:</H1>
    <description>Major attendance release</description>
    <H1>Instructions:</H1>
    <instructions/>
    <H1>Files in Package:</H1>
    <file>File: PackOut.xml</file>
    <filedirectory>Directory: \dict\</filedirectory>
    <filenotes>Notes: Contains all application/object settings for package</filenotes>
    <H1>Client:</H1>
    <Client>0-SYSTEM-System</Client>
</idempiereDocument>
