<?xml version="1.0" encoding="UTF-8"?><idempiere Name="iDempiere10" Version="iDempiere10" idempiereVersion="" DataBaseVersion="" Description="" Author="" AuthorEmail="" CreatedDate="2023-09-25 16:28:38.48" UpdatedDate="2023-09-25 16:50:43.902" PackOutVersion="100" UpdateDictionary="true" Client="0-SYSTEM-System" AD_Client_UU="11237b53-9592-4af1-b3c5-afd216514b5d">
    <SQLStatement type="custom">
        <DBType>ALL</DBType>
        <statement>
            <![CDATA[CREATE OR REPLACE VIEW adempiere.m_inout_candidate_v
AS SELECT o.ad_client_id,
    o.ad_org_id,
    o.created,
    o.updated,
    o.isactive,
    o.c_bpartner_id,
    o.c_order_id,
    o.documentno,
    o.dateordered,
    o.c_doctype_id,
    o.poreference,
    o.description,
    o.salesrep_id,
    l.m_warehouse_id,
    NULL::numeric AS m_inout_id,
    sum((l.qtyordered - l.qtydelivered) * l.priceactual) AS totallines,
    'O'::text AS docsource,
    o.c_order_id AS m_inout_candidate_v_id,
    o.deliveryrule
   FROM c_order o
     JOIN c_orderline l ON o.c_order_id = l.c_order_id
  WHERE o.docstatus = 'CO'::bpchar AND o.isdelivered = 'N'::bpchar AND (o.c_doctype_id IN ( SELECT c_doctype.c_doctype_id
           FROM c_doctype
          WHERE c_doctype.docbasetype = 'SOO'::bpchar AND (c_doctype.docsubtypeso <> ALL (ARRAY['ON'::bpchar, 'OB'::bpchar, 'WR'::bpchar])))) AND (l.m_product_id IS NULL OR (EXISTS ( SELECT 1
           FROM m_product p
          WHERE l.m_product_id = p.m_product_id AND p.isexcludeautodelivery = 'N'::bpchar))) AND l.qtyordered <> l.qtydelivered AND (l.m_product_id IS NOT NULL OR l.c_charge_id IS NOT NULL) AND NOT (EXISTS ( SELECT 1
           FROM m_inoutline iol
             JOIN m_inout io ON iol.m_inout_id = io.m_inout_id
          WHERE iol.c_orderline_id = l.c_orderline_id AND (io.docstatus = ANY (ARRAY['DR'::bpchar, 'IN'::bpchar, 'IP'::bpchar, 'WC'::bpchar]))))
  GROUP BY o.ad_client_id, o.ad_org_id, o.c_bpartner_id, o.c_order_id, o.documentno, o.dateordered, o.c_doctype_id, o.poreference, o.description, o.salesrep_id, l.m_warehouse_id, o.created, o.updated, o.isactive, o.deliveryrule
UNION ALL
 SELECT rma.ad_client_id,
    rma.ad_org_id,
    rma.created,
    rma.updated,
    rma.isactive,
    rma.c_bpartner_id,
    rma.c_order_id,
    rma.documentno,
    rma.created AS dateordered,
    rma.c_doctype_id,
    NULL::character varying AS poreference,
    NULL::character varying AS description,
    NULL::numeric AS salesrep_id,
    io.m_warehouse_id,
    rma.inout_id AS m_inout_id,
    rma.amt AS totallines,
    'R'::text AS docsource,
    rma.m_rma_id AS m_inout_candidate_v_id,
    NULL::bpchar AS deliveryrule
   FROM m_rma rma
     JOIN ad_org org ON rma.ad_org_id = org.ad_org_id
     JOIN c_doctype dt ON rma.c_doctype_id = dt.c_doctype_id
     JOIN c_bpartner bp ON rma.c_bpartner_id = bp.c_bpartner_id
     JOIN m_inout io ON rma.inout_id = io.m_inout_id
  WHERE rma.docstatus = 'CO'::bpchar AND dt.docbasetype = 'POO'::bpchar AND (EXISTS ( SELECT 1
           FROM m_rma r
             JOIN m_rmaline rl ON r.m_rma_id = rl.m_rma_id
          WHERE r.m_rma_id = rma.m_rma_id AND rl.isactive = 'Y'::bpchar AND rl.m_inoutline_id > 0::numeric AND rl.qtydelivered < rl.qty)) AND NOT (EXISTS ( SELECT 1
           FROM m_inout oio
          WHERE oio.m_rma_id = rma.m_rma_id AND (oio.docstatus = ANY (ARRAY['IP'::bpchar, 'CO'::bpchar, 'CL'::bpchar]))))]]>
        </statement>
    </SQLStatement>
    <AD_Menu type="table">
        <Parent_ID reference="id">53053</Parent_ID>
        <SeqNo>1</SeqNo>
        <AD_Menu_ID>53055</AD_Menu_ID>
        <AD_Client_ID>0</AD_Client_ID>
        <AD_Org_ID>0</AD_Org_ID>
        <AD_Menu_ID>53055</AD_Menu_ID>
        <Name>Manufacturing Order</Name>
        <Description>Maintain Manufacturing Order</Description>
        <Action>W</Action>
        <AD_Window_ID reference="id">53009</AD_Window_ID>
        <AD_Workflow_ID reference="id"/>
        <AD_Task_ID reference="id"/>
        <AD_Org_ID reference="id">0</AD_Org_ID>
        <IsActive>Y</IsActive>
        <IsSummary>N</IsSummary>
        <AD_Process_ID reference="id"/>
        <IsSOTrx>N</IsSOTrx>
        <AD_Form_ID reference="id"/>
        <IsReadOnly>N</IsReadOnly>
        <EntityType>EE01</EntityType>
        <IsCentrallyMaintained>Y</IsCentrallyMaintained>
        <AD_Menu_UU>0934aef7-c89c-4de8-8534-9e589c0aeb24</AD_Menu_UU>
        <AD_InfoWindow_ID reference="id"/>
        <PredefinedContextVariables>IgnoreIsSOTrxInBPInfo=Y</PredefinedContextVariables>
        <AD_Menu_Trl type="translation">
            <Description>Mantenimiento de órdenes de manufactura</Description>
            <Name>Orden de Manufactura</Name>
            <AD_Language>es_CO</AD_Language>
            <IsActive>Y</IsActive>
            <IsTranslated>Y</IsTranslated>
        </AD_Menu_Trl>
        <AD_Field type="table">
            <AD_Field_ID>54153</AD_Field_ID>
            <AD_Client_ID>0</AD_Client_ID>
            <AD_Org_ID>0</AD_Org_ID>
            <AD_Field_ID>54153</AD_Field_ID>
            <Name>PO Quantity</Name>
            <Description>Ordered Quantity</Description>
            <Help>The Ordered Quantity indicates the quantity of a product that was ordered.</Help>
            <AD_Tab_ID reference="id">53054</AD_Tab_ID>
            <AD_Column_ID reference="id">53670</AD_Column_ID>
            <IsDisplayed>N</IsDisplayed>
            <DisplayLogic>@UOMConversion@=Y | @Processed@='Y'		</DisplayLogic>
            <DisplayLength>22</DisplayLength>
            <SeqNo>0</SeqNo>
            <SortNo>0</SortNo>
            <IsSameLine>N</IsSameLine>
            <IsHeading>N</IsHeading>
            <IsFieldOnly>N</IsFieldOnly>
            <IsEncrypted>N</IsEncrypted>
            <AD_Org_ID reference="id">0</AD_Org_ID>
            <IsActive>Y</IsActive>
            <IsReadOnly>N</IsReadOnly>
            <IsCentrallyMaintained>Y</IsCentrallyMaintained>
            <AD_FieldGroup_ID reference="id">102</AD_FieldGroup_ID>
            <EntityType>EE01</EntityType>
            <ObscureType/>
            <AD_Reference_ID reference="id"/>
            <IsMandatory/>
            <DefaultValue/>
            <AD_Reference_Value_ID reference="id"/>
            <AD_Val_Rule_ID reference="id"/>
            <Included_Tab_ID reference="id"/>
            <AD_Field_UU>232a356d-878d-4ac7-bf80-e83ad99de576</AD_Field_UU>
            <IsAllowCopy/>
            <IsDisplayedGrid>N</IsDisplayedGrid>
            <SeqNoGrid>300</SeqNoGrid>
            <XPosition>1</XPosition>
            <ColumnSpan>2</ColumnSpan>
            <NumLines>1</NumLines>
            <IsQuickEntry>N</IsQuickEntry>
            <IsUpdateable/>
            <IsAlwaysUpdateable/>
            <MandatoryLogic/>
            <ReadOnlyLogic/>
            <IsToolbarButton/>
            <IsDefaultFocus>N</IsDefaultFocus>
            <IsAdvancedField>N</IsAdvancedField>
            <VFormat/>
            <AD_LabelStyle_ID reference="id"/>
            <AD_FieldStyle_ID reference="id"/>
            <IsQuickForm>N</IsQuickForm>
            <Placeholder/>
            <IsSelectionColumn/>
            <AD_Val_Rule_Lookup_ID reference="id"/>
            <ColumnSQL/>
            <AD_Chart_ID reference="id"/>
            <AlwaysUpdatableLogic/>
            <IsBarcodeScan>N</IsBarcodeScan>
            <AD_Field_Trl type="translation">
                <Description>Cantidad ordenada</Description>
                <Help>La Cantidad Ordenada indica la cantidad de un producto que fue ordenada</Help>
                <Name>Cantidad Ordenada</Name>
                <Placeholder/>
                <AD_Language>es_CO</AD_Language>
                <IsActive>Y</IsActive>
                <IsTranslated>Y</IsTranslated>
            </AD_Field_Trl>
        </AD_Field>
        <AD_Field type="table">
            <AD_Field_ID>54114</AD_Field_ID>
            <AD_Client_ID>0</AD_Client_ID>
            <AD_Org_ID>0</AD_Org_ID>
            <AD_Field_ID>54114</AD_Field_ID>
            <Name>Purchase Order Line</Name>
            <Description>Purchase Order Line</Description>
            <Help>The Purchase Order Line is a unique identifier for a line in an order.</Help>
            <AD_Tab_ID reference="id">53054</AD_Tab_ID>
            <AD_Column_ID reference="id">53630</AD_Column_ID>
            <IsDisplayed>N</IsDisplayed>
            <DisplayLogic/>
            <DisplayLength>10</DisplayLength>
            <SeqNo>0</SeqNo>
            <SortNo>0</SortNo>
            <IsSameLine>N</IsSameLine>
            <IsHeading>N</IsHeading>
            <IsFieldOnly>N</IsFieldOnly>
            <IsEncrypted>N</IsEncrypted>
            <AD_Org_ID reference="id">0</AD_Org_ID>
            <IsActive>Y</IsActive>
            <IsReadOnly>N</IsReadOnly>
            <IsCentrallyMaintained>Y</IsCentrallyMaintained>
            <AD_FieldGroup_ID reference="id"/>
            <EntityType>EE01</EntityType>
            <ObscureType/>
            <AD_Reference_ID reference="id"/>
            <IsMandatory/>
            <DefaultValue/>
            <AD_Reference_Value_ID reference="id"/>
            <AD_Val_Rule_ID reference="id"/>
            <Included_Tab_ID reference="id"/>
            <AD_Field_UU>90ede05c-f8de-49f1-bad9-2f07f01b6331</AD_Field_UU>
            <IsAllowCopy/>
            <IsDisplayedGrid>N</IsDisplayedGrid>
            <SeqNoGrid>0</SeqNoGrid>
            <XPosition>1</XPosition>
            <ColumnSpan>2</ColumnSpan>
            <NumLines>1</NumLines>
            <IsQuickEntry>N</IsQuickEntry>
            <IsUpdateable/>
            <IsAlwaysUpdateable/>
            <MandatoryLogic/>
            <ReadOnlyLogic/>
            <IsToolbarButton/>
            <IsDefaultFocus>N</IsDefaultFocus>
            <IsAdvancedField>N</IsAdvancedField>
            <VFormat/>
            <AD_LabelStyle_ID reference="id"/>
            <AD_FieldStyle_ID reference="id"/>
            <IsQuickForm>N</IsQuickForm>
            <Placeholder/>
            <IsSelectionColumn/>
            <AD_Val_Rule_Lookup_ID reference="id"/>
            <ColumnSQL/>
            <AD_Chart_ID reference="id"/>
            <AlwaysUpdatableLogic/>
            <IsBarcodeScan>N</IsBarcodeScan>
            <AD_Field_Trl type="translation">
                <Description>Línea de orden de compra</Description>
                <Help>La línea orden de compra es un identificador único para una línea en una orden.</Help>
                <Name>Línea Orden de Compra</Name>
                <Placeholder/>
                <AD_Language>es_CO</AD_Language>
                <IsActive>Y</IsActive>
                <IsTranslated>Y</IsTranslated>
            </AD_Field_Trl>
        </AD_Field>
        <AD_Field type="table">
            <AD_Field_ID>53779</AD_Field_ID>
            <AD_Client_ID>0</AD_Client_ID>
            <AD_Org_ID>0</AD_Org_ID>
            <AD_Field_ID>53779</AD_Field_ID>
            <Name>On Order Quantity</Name>
            <Description>Quantity Ordered on Purchase Orders</Description>
            <Help>The Ordered Quantity indicates the quantity of a product that is currently ordered.</Help>
            <AD_Tab_ID reference="id">53039</AD_Tab_ID>
            <AD_Column_ID reference="id">53585</AD_Column_ID>
            <IsDisplayed>Y</IsDisplayed>
            <DisplayLogic/>
            <DisplayLength>22</DisplayLength>
            <SeqNo>220</SeqNo>
            <SortNo>0</SortNo>
            <IsSameLine>Y</IsSameLine>
            <IsHeading>N</IsHeading>
            <IsFieldOnly>N</IsFieldOnly>
            <IsEncrypted>N</IsEncrypted>
            <AD_Org_ID reference="id">0</AD_Org_ID>
            <IsActive>Y</IsActive>
            <IsReadOnly>Y</IsReadOnly>
            <IsCentrallyMaintained>Y</IsCentrallyMaintained>
            <AD_FieldGroup_ID reference="id">130</AD_FieldGroup_ID>
            <EntityType>EE01</EntityType>
            <ObscureType/>
            <AD_Reference_ID reference="id"/>
            <IsMandatory/>
            <DefaultValue/>
            <AD_Reference_Value_ID reference="id"/>
            <AD_Val_Rule_ID reference="id"/>
            <Included_Tab_ID reference="id"/>
            <AD_Field_UU>535c3fb3-013d-49fd-a1f5-b3a634b588d7</AD_Field_UU>
            <IsAllowCopy>N</IsAllowCopy>
            <IsDisplayedGrid>Y</IsDisplayedGrid>
            <SeqNoGrid>290</SeqNoGrid>
            <XPosition>4</XPosition>
            <ColumnSpan>2</ColumnSpan>
            <NumLines>1</NumLines>
            <IsQuickEntry>N</IsQuickEntry>
            <IsUpdateable/>
            <IsAlwaysUpdateable/>
            <MandatoryLogic/>
            <ReadOnlyLogic/>
            <IsToolbarButton/>
            <IsDefaultFocus>N</IsDefaultFocus>
            <IsAdvancedField>N</IsAdvancedField>
            <VFormat/>
            <AD_LabelStyle_ID reference="id"/>
            <AD_FieldStyle_ID reference="id"/>
            <IsQuickForm>N</IsQuickForm>
            <Placeholder/>
            <IsSelectionColumn/>
            <AD_Val_Rule_Lookup_ID reference="id"/>
            <ColumnSQL/>
            <AD_Chart_ID reference="id"/>
            <AlwaysUpdatableLogic/>
            <IsBarcodeScan>N</IsBarcodeScan>
            <AD_Field_Trl type="translation">
                <Description>Cantidad reservada</Description>
                <Help>La cantidad reservada indica la cantidad de un producto que se encuentra reservada para otras órdenes</Help>
                <Name>Cantidad Reservada</Name>
                <Placeholder/>
                <AD_Language>es_CO</AD_Language>
                <IsActive>Y</IsActive>
                <IsTranslated>Y</IsTranslated>
            </AD_Field_Trl>
        </AD_Field>
        <AD_Field type="table">
            <AD_Client_ID>0</AD_Client_ID>
            <AD_Org_ID>0</AD_Org_ID>
            <Name>Partner Location</Name>
            <Description>Identifies the (ship from) address for this Business Partner</Description>
            <Help>The Partner address indicates the location of a Business Partner</Help>
            <AD_Tab_ID reference="uuid" reference-key="AD_Tab">4443017e-0081-4138-b38a-af5c71e8024f</AD_Tab_ID>
            <AD_Column_ID reference="id">53975</AD_Column_ID>
            <IsDisplayed>N</IsDisplayed>
            <DisplayLogic/>
            <DisplayLength>10</DisplayLength>
            <SeqNo>0</SeqNo>
            <SortNo>0</SortNo>
            <IsSameLine>Y</IsSameLine>
            <IsHeading>N</IsHeading>
            <IsFieldOnly>N</IsFieldOnly>
            <IsEncrypted>N</IsEncrypted>
            <AD_Org_ID reference="id">0</AD_Org_ID>
            <IsActive>Y</IsActive>
            <IsReadOnly>N</IsReadOnly>
            <IsCentrallyMaintained>Y</IsCentrallyMaintained>
            <AD_FieldGroup_ID reference="id">130</AD_FieldGroup_ID>
            <EntityType>U</EntityType>
            <ObscureType/>
            <AD_Reference_ID reference="id"/>
            <IsMandatory/>
            <DefaultValue/>
            <AD_Reference_Value_ID reference="id"/>
            <AD_Val_Rule_ID reference="id"/>
            <Included_Tab_ID reference="id"/>
            <AD_Field_UU>a4d74000-d9a3-413b-95c9-e357f9d0e39c</AD_Field_UU>
            <IsAllowCopy/>
            <IsDisplayedGrid>N</IsDisplayedGrid>
            <SeqNoGrid>110</SeqNoGrid>
            <XPosition>1</XPosition>
            <ColumnSpan>2</ColumnSpan>
            <NumLines>1</NumLines>
            <IsQuickEntry>N</IsQuickEntry>
            <IsUpdateable/>
            <IsAlwaysUpdateable/>
            <MandatoryLogic/>
            <ReadOnlyLogic/>
            <IsToolbarButton/>
            <IsDefaultFocus>N</IsDefaultFocus>
            <IsAdvancedField>N</IsAdvancedField>
            <VFormat/>
            <AD_LabelStyle_ID reference="id"/>
            <AD_FieldStyle_ID reference="id"/>
            <IsQuickForm>N</IsQuickForm>
            <Placeholder/>
            <IsSelectionColumn/>
            <AD_Val_Rule_Lookup_ID reference="id"/>
            <ColumnSQL/>
            <AD_Chart_ID reference="id"/>
            <AlwaysUpdatableLogic/>
            <IsBarcodeScan>N</IsBarcodeScan>
            <AD_Field_Trl type="translation">
                <Description/>
                <Help/>
                <Name>Dirección del Tercero</Name>
                <Placeholder/>
                <AD_Language>es_CO</AD_Language>
                <IsActive>Y</IsActive>
                <IsTranslated>Y</IsTranslated>
            </AD_Field_Trl>
        </AD_Field>
        <AD_Field type="table">
            <AD_Client_ID>0</AD_Client_ID>
            <AD_Org_ID>0</AD_Org_ID>
            <Name>Company Agent</Name>
            <Description>Purchase or Company Agent</Description>
            <Help>Purchase agent for the document. Any Sales Rep must be a valid internal user.</Help>
            <AD_Tab_ID reference="uuid" reference-key="AD_Tab">4443017e-0081-4138-b38a-af5c71e8024f</AD_Tab_ID>
            <AD_Column_ID reference="id">53972</AD_Column_ID>
            <IsDisplayed>Y</IsDisplayed>
            <DisplayLogic/>
            <DisplayLength>10</DisplayLength>
            <SeqNo>90</SeqNo>
            <SortNo>0</SortNo>
            <IsSameLine>Y</IsSameLine>
            <IsHeading>N</IsHeading>
            <IsFieldOnly>N</IsFieldOnly>
            <IsEncrypted>N</IsEncrypted>
            <AD_Org_ID reference="id">0</AD_Org_ID>
            <IsActive>Y</IsActive>
            <IsReadOnly>N</IsReadOnly>
            <IsCentrallyMaintained>Y</IsCentrallyMaintained>
            <AD_FieldGroup_ID reference="id"/>
            <EntityType>U</EntityType>
            <ObscureType/>
            <AD_Reference_ID reference="id"/>
            <IsMandatory/>
            <DefaultValue/>
            <AD_Reference_Value_ID reference="id"/>
            <AD_Val_Rule_ID reference="id"/>
            <Included_Tab_ID reference="id"/>
            <AD_Field_UU>d84bd4b5-0179-4450-8e8e-3dd6f0f5adc9</AD_Field_UU>
            <IsAllowCopy/>
            <IsDisplayedGrid>Y</IsDisplayedGrid>
            <SeqNoGrid>60</SeqNoGrid>
            <XPosition>1</XPosition>
            <ColumnSpan>2</ColumnSpan>
            <NumLines>1</NumLines>
            <IsQuickEntry>N</IsQuickEntry>
            <IsUpdateable/>
            <IsAlwaysUpdateable/>
            <MandatoryLogic/>
            <ReadOnlyLogic/>
            <IsToolbarButton/>
            <IsDefaultFocus>N</IsDefaultFocus>
            <IsAdvancedField>N</IsAdvancedField>
            <VFormat/>
            <AD_LabelStyle_ID reference="id"/>
            <AD_FieldStyle_ID reference="id"/>
            <IsQuickForm>N</IsQuickForm>
            <Placeholder/>
            <IsSelectionColumn/>
            <AD_Val_Rule_Lookup_ID reference="id"/>
            <ColumnSQL/>
            <AD_Chart_ID reference="id"/>
            <AlwaysUpdatableLogic/>
            <IsBarcodeScan>N</IsBarcodeScan>
            <AD_Field_Trl type="translation">
                <Description>Representante Compañía</Description>
                <Help>Agente de compras para el documento.</Help>
                <Name>Representante Compañía</Name>
                <Placeholder/>
                <AD_Language>es_CO</AD_Language>
                <IsActive>Y</IsActive>
                <IsTranslated>Y</IsTranslated>
            </AD_Field_Trl>
        </AD_Field>
        <AD_Field type="table">
            <AD_Client_ID>0</AD_Client_ID>
            <AD_Org_ID>0</AD_Org_ID>
            <Name>Purchase Order Line</Name>
            <Description>Purchase Order Line</Description>
            <Help>The Purchase Order Line is a unique identifier for a line in an order.</Help>
            <AD_Tab_ID reference="uuid" reference-key="AD_Tab">4f708061-b25c-4106-a075-fa09c6d9ffa4</AD_Tab_ID>
            <AD_Column_ID reference="id">14204</AD_Column_ID>
            <IsDisplayed>Y</IsDisplayed>
            <DisplayLogic/>
            <DisplayLength>10</DisplayLength>
            <SeqNo>150</SeqNo>
            <SortNo/>
            <IsSameLine>N</IsSameLine>
            <IsHeading>N</IsHeading>
            <IsFieldOnly>N</IsFieldOnly>
            <IsEncrypted>N</IsEncrypted>
            <AD_Org_ID reference="id">0</AD_Org_ID>
            <IsActive>Y</IsActive>
            <IsReadOnly>Y</IsReadOnly>
            <IsCentrallyMaintained>Y</IsCentrallyMaintained>
            <AD_FieldGroup_ID reference="id"/>
            <EntityType>U</EntityType>
            <ObscureType/>
            <AD_Reference_ID reference="id"/>
            <IsMandatory/>
            <DefaultValue/>
            <AD_Reference_Value_ID reference="id"/>
            <AD_Val_Rule_ID reference="id"/>
            <Included_Tab_ID reference="id"/>
            <AD_Field_UU>afb2f2ad-dd13-485c-bc87-a7e6bf0dd1dd</AD_Field_UU>
            <IsAllowCopy/>
            <IsDisplayedGrid>Y</IsDisplayedGrid>
            <SeqNoGrid>140</SeqNoGrid>
            <XPosition>1</XPosition>
            <ColumnSpan>2</ColumnSpan>
            <NumLines>1</NumLines>
            <IsQuickEntry>N</IsQuickEntry>
            <IsUpdateable/>
            <IsAlwaysUpdateable/>
            <MandatoryLogic/>
            <ReadOnlyLogic/>
            <IsToolbarButton/>
            <IsDefaultFocus>N</IsDefaultFocus>
            <IsAdvancedField>N</IsAdvancedField>
            <VFormat/>
            <AD_LabelStyle_ID reference="id"/>
            <AD_FieldStyle_ID reference="id"/>
            <IsQuickForm>N</IsQuickForm>
            <Placeholder/>
            <IsSelectionColumn/>
            <AD_Val_Rule_Lookup_ID reference="id"/>
            <ColumnSQL/>
            <AD_Chart_ID reference="id"/>
            <AlwaysUpdatableLogic/>
            <IsBarcodeScan>N</IsBarcodeScan>
            <AD_Field_Trl type="translation">
                <Description>Línea de orden de compra</Description>
                <Help>La línea orden de compra es un identificador único para una línea en una orden.</Help>
                <Name>Línea Orden de Compra</Name>
                <Placeholder/>
                <AD_Language>es_CO</AD_Language>
                <IsActive>Y</IsActive>
                <IsTranslated>Y</IsTranslated>
            </AD_Field_Trl>
        </AD_Field>
        <AD_Field type="table">
            <AD_Client_ID>0</AD_Client_ID>
            <AD_Org_ID>0</AD_Org_ID>
            <Name>Receipt Line</Name>
            <Description>Line on Receipt document</Description>
            <Help/>
            <AD_Tab_ID reference="uuid" reference-key="AD_Tab">4f708061-b25c-4106-a075-fa09c6d9ffa4</AD_Tab_ID>
            <AD_Column_ID reference="id">14182</AD_Column_ID>
            <IsDisplayed>Y</IsDisplayed>
            <DisplayLogic/>
            <DisplayLength>10</DisplayLength>
            <SeqNo>170</SeqNo>
            <SortNo/>
            <IsSameLine>N</IsSameLine>
            <IsHeading>N</IsHeading>
            <IsFieldOnly>N</IsFieldOnly>
            <IsEncrypted>N</IsEncrypted>
            <AD_Org_ID reference="id">0</AD_Org_ID>
            <IsActive>Y</IsActive>
            <IsReadOnly>Y</IsReadOnly>
            <IsCentrallyMaintained>Y</IsCentrallyMaintained>
            <AD_FieldGroup_ID reference="id"/>
            <EntityType>U</EntityType>
            <ObscureType/>
            <AD_Reference_ID reference="id"/>
            <IsMandatory/>
            <DefaultValue/>
            <AD_Reference_Value_ID reference="id"/>
            <AD_Val_Rule_ID reference="id"/>
            <Included_Tab_ID reference="id"/>
            <AD_Field_UU>f8c1878f-c65d-4b33-b4d5-3db4d027aa65</AD_Field_UU>
            <IsAllowCopy/>
            <IsDisplayedGrid>Y</IsDisplayedGrid>
            <SeqNoGrid>160</SeqNoGrid>
            <XPosition>1</XPosition>
            <ColumnSpan>2</ColumnSpan>
            <NumLines>1</NumLines>
            <IsQuickEntry>N</IsQuickEntry>
            <IsUpdateable/>
            <IsAlwaysUpdateable/>
            <MandatoryLogic/>
            <ReadOnlyLogic/>
            <IsToolbarButton/>
            <IsDefaultFocus>N</IsDefaultFocus>
            <IsAdvancedField>N</IsAdvancedField>
            <VFormat/>
            <AD_LabelStyle_ID reference="id"/>
            <AD_FieldStyle_ID reference="id"/>
            <IsQuickForm>N</IsQuickForm>
            <Placeholder/>
            <IsSelectionColumn/>
            <AD_Val_Rule_Lookup_ID reference="id"/>
            <ColumnSQL/>
            <AD_Chart_ID reference="id"/>
            <AlwaysUpdatableLogic/>
            <IsBarcodeScan>N</IsBarcodeScan>
            <AD_Field_Trl type="translation">
                <Description>Línea de entrega o documento de recibo.</Description>
                <Help>La línea de Entrega / Recibo indica una línea única en un documento de entrega / recibo</Help>
                <Name>Línea Entrega / Recibo</Name>
                <Placeholder/>
                <AD_Language>es_CO</AD_Language>
                <IsActive>Y</IsActive>
                <IsTranslated>Y</IsTranslated>
            </AD_Field_Trl>
        </AD_Field>
        <AD_Field type="table">
            <AD_Client_ID>0</AD_Client_ID>
            <AD_Org_ID>0</AD_Org_ID>
            <Name>On Order Quantity</Name>
            <Description>Quantity Ordered on Purchase Orders</Description>
            <Help>The Ordered Quantity indicates the quantity of a product that is currently ordered.</Help>
            <AD_Tab_ID reference="uuid" reference-key="AD_Tab">fcd02380-51e9-4ea6-bbb8-e531a06ab032</AD_Tab_ID>
            <AD_Column_ID reference="id">53585</AD_Column_ID>
            <IsDisplayed>Y</IsDisplayed>
            <DisplayLogic/>
            <DisplayLength>22</DisplayLength>
            <SeqNo>230</SeqNo>
            <SortNo>0</SortNo>
            <IsSameLine>Y</IsSameLine>
            <IsHeading>N</IsHeading>
            <IsFieldOnly>N</IsFieldOnly>
            <IsEncrypted>N</IsEncrypted>
            <AD_Org_ID reference="id">0</AD_Org_ID>
            <IsActive>Y</IsActive>
            <IsReadOnly>Y</IsReadOnly>
            <IsCentrallyMaintained>Y</IsCentrallyMaintained>
            <AD_FieldGroup_ID reference="id">130</AD_FieldGroup_ID>
            <EntityType>U</EntityType>
            <ObscureType/>
            <AD_Reference_ID reference="id"/>
            <IsMandatory/>
            <DefaultValue/>
            <AD_Reference_Value_ID reference="id"/>
            <AD_Val_Rule_ID reference="id"/>
            <Included_Tab_ID reference="id"/>
            <AD_Field_UU>13145c04-be60-4d8d-b16f-15f804c21777</AD_Field_UU>
            <IsAllowCopy>N</IsAllowCopy>
            <IsDisplayedGrid>Y</IsDisplayedGrid>
            <SeqNoGrid>120</SeqNoGrid>
            <XPosition>4</XPosition>
            <ColumnSpan>2</ColumnSpan>
            <NumLines>1</NumLines>
            <IsQuickEntry>N</IsQuickEntry>
            <IsUpdateable/>
            <IsAlwaysUpdateable/>
            <MandatoryLogic/>
            <ReadOnlyLogic/>
            <IsToolbarButton/>
            <IsDefaultFocus>N</IsDefaultFocus>
            <IsAdvancedField>N</IsAdvancedField>
            <VFormat/>
            <AD_LabelStyle_ID reference="id"/>
            <AD_FieldStyle_ID reference="id"/>
            <IsQuickForm>N</IsQuickForm>
            <Placeholder/>
            <IsSelectionColumn/>
            <AD_Val_Rule_Lookup_ID reference="id"/>
            <ColumnSQL/>
            <AD_Chart_ID reference="id"/>
            <AlwaysUpdatableLogic/>
            <IsBarcodeScan>N</IsBarcodeScan>
            <AD_Field_Trl type="translation">
                <Description>Cantidad reservada</Description>
                <Help>La cantidad reservada indica la cantidad de un producto que se encuentra reservada para otras órdenes</Help>
                <Name>Cantidad Reservada</Name>
                <Placeholder/>
                <AD_Language>es_CO</AD_Language>
                <IsActive>Y</IsActive>
                <IsTranslated>Y</IsTranslated>
            </AD_Field_Trl>
        </AD_Field>
        <AD_Field type="table">
            <AD_Client_ID>0</AD_Client_ID>
            <AD_Org_ID>0</AD_Org_ID>
            <Name>Receipt Line</Name>
            <Description>Line on Receipt document</Description>
            <Help/>
            <AD_Tab_ID reference="uuid" reference-key="AD_Tab">c84e67f3-9d2d-48f4-8691-425884d35bc3</AD_Tab_ID>
            <AD_Column_ID reference="uuid" reference-key="AD_Column">a638de3b-c50f-459e-b259-9eec49e7d761</AD_Column_ID>
            <IsDisplayed>N</IsDisplayed>
            <DisplayLogic/>
            <DisplayLength>22</DisplayLength>
            <SeqNo>0</SeqNo>
            <SortNo/>
            <IsSameLine>N</IsSameLine>
            <IsHeading>N</IsHeading>
            <IsFieldOnly>N</IsFieldOnly>
            <IsEncrypted>N</IsEncrypted>
            <AD_Org_ID reference="id">0</AD_Org_ID>
            <IsActive>Y</IsActive>
            <IsReadOnly>N</IsReadOnly>
            <IsCentrallyMaintained>Y</IsCentrallyMaintained>
            <AD_FieldGroup_ID reference="id"/>
            <EntityType>U</EntityType>
            <ObscureType/>
            <AD_Reference_ID reference="id"/>
            <IsMandatory/>
            <DefaultValue/>
            <AD_Reference_Value_ID reference="id"/>
            <AD_Val_Rule_ID reference="id"/>
            <Included_Tab_ID reference="id"/>
            <AD_Field_UU>aae09a9d-a9eb-4346-96d6-57ce19044b8c</AD_Field_UU>
            <IsAllowCopy/>
            <IsDisplayedGrid>N</IsDisplayedGrid>
            <SeqNoGrid>0</SeqNoGrid>
            <XPosition>1</XPosition>
            <ColumnSpan>2</ColumnSpan>
            <NumLines>1</NumLines>
            <IsQuickEntry>N</IsQuickEntry>
            <IsUpdateable/>
            <IsAlwaysUpdateable/>
            <MandatoryLogic/>
            <ReadOnlyLogic/>
            <IsToolbarButton/>
            <IsDefaultFocus>N</IsDefaultFocus>
            <IsAdvancedField>N</IsAdvancedField>
            <VFormat/>
            <AD_LabelStyle_ID reference="id"/>
            <AD_FieldStyle_ID reference="id"/>
            <IsQuickForm>N</IsQuickForm>
            <Placeholder/>
            <IsSelectionColumn/>
            <AD_Val_Rule_Lookup_ID reference="id"/>
            <ColumnSQL/>
            <AD_Chart_ID reference="id"/>
            <AlwaysUpdatableLogic/>
            <IsBarcodeScan>N</IsBarcodeScan>
            <AD_Field_Trl type="translation">
                <Description>Línea de entrega o documento de recibo.</Description>
                <Help>La línea de Entrega / Recibo indica una línea única en un documento de entrega / recibo</Help>
                <Name>Línea Entrega / Recibo</Name>
                <Placeholder/>
                <AD_Language>es_CO</AD_Language>
                <IsActive>Y</IsActive>
                <IsTranslated>Y</IsTranslated>
            </AD_Field_Trl>
        </AD_Field>
    </AD_Menu>
</idempiere>
