<?xml version="1.0" encoding="UTF-8"?><idempiere Name="AD_StorageProvider" Version="1.0.0" idempiereVersion="2.1.0.qualifier" DataBaseVersion="2014-10-31" Description="" Author="SuperUser" AuthorEmail="superuser @ idempiere.com" CreatedDate="Sat Sep 19 19:08:42 IST 2015" UpdatedDate="Sat Sep 19 19:08:42 IST 2015" PackOutVersion="100" UpdateDictionary="true" Client="11-GardenWorld-GardenWorld" AD_Client_UU="3268b9a8-10d8-466d-96e5-aa01166408fa">
    <AD_StorageProvider type="table">
        <AD_Org_ID>0</AD_Org_ID>
        <IsActive>Y</IsActive>
        <Name>Alfresco</Name>
        <Method>Alfresco</Method>
        <URL>http://localhost:8080/alfresco/cmisatom</URL>
        <Folder>IDempiereCMIS</Folder>
        <UserName>admin</UserName>
        <Password>admin</Password>
        <AD_StorageProvider_UU>1104b824-10a5-41b5-bbb4-6d7283a2e5c3</AD_StorageProvider_UU>
        <ViewUrl>http://127.0.0.1:8080/share/page/document-details?nodeRef=</ViewUrl>
    </AD_StorageProvider>
</idempiere>
