<?xml version="1.0" encoding="UTF-8"?><?xml-stylesheet type="text/css" href="idempiereDocument.css"?><idempiereDocument>
    <header>AD_PrintFormat Package Description</header>
    <H1>Package Name:</H1>
    <packagename>AD_PrintFormat</packagename>
    <H1>Author:</H1>
    <Name:>SuperUser</Name:>
    <H1>Email Address:</H1>
    <Email>erp@shaik.net</Email>
    <H1>Created:</H1>
    <Date>Mon Oct 21 14:38:22 AST 2019</Date>
    <H1>Updated:</H1>
    <Date>Mon Oct 21 14:38:22 AST 2019</Date>
    <H1>Description:</H1>
    <description/>
    <H1>Instructions:</H1>
    <instructions/>
    <H1>Files in Package:</H1>
    <file>File: PackOut.xml</file>
    <filedirectory>Directory: \dict\</filedirectory>
    <filenotes>Notes: Contains all application/object settings for package</filenotes>
    <H1>Client:</H1>
    <Client>1000000-Designer Shaik Inc. W.L.L.-Designer Shaik Inc. W.L.L.</Client>
</idempiereDocument>
