<?xml version="1.0" encoding="UTF-8"?><idempiere Name="HR_Reference" Version="1.0" idempiereVersion="" DataBaseVersion="" Description="" Author="" AuthorEmail="" CreatedDate="2017-11-21 10:00:24.53" UpdatedDate="2017-11-21 10:02:12.902" PackOutVersion="100" UpdateDictionary="true" Client="0-SYSTEM-System" AD_Client_UU="11237b53-9592-4af1-b3c5-afd216514b5d">
    <AD_Ref_List type="table">
        <AD_Client_ID>0</AD_Client_ID>
        <AD_Org_ID>0</AD_Org_ID>
        <Name>Married</Name>
        <Description/>
        <AD_Reference_ID reference="uuid" reference-key="AD_Reference">d964b65a-d831-47e2-9ac4-baab93fbc8ef</AD_Reference_ID>
        <ValidFrom/>
        <ValidTo/>
        <Value>M</Value>
        <IsActive>Y</IsActive>
        <EntityType>U</EntityType>
        <AD_Ref_List_UU>8af15ce4-0eb1-44ec-ac13-9ff64b87d56d</AD_Ref_List_UU>
        <AD_Ref_List_Trl type="translation">
            <Description/>
            <Name>Married</Name>
            <AD_Language>es_CO</AD_Language>
            <IsActive>Y</IsActive>
            <IsTranslated>N</IsTranslated>
        </AD_Ref_List_Trl>
    </AD_Ref_List>
    <AD_Ref_List type="table">
        <AD_Client_ID>0</AD_Client_ID>
        <AD_Org_ID>0</AD_Org_ID>
        <Name>Single</Name>
        <Description/>
        <AD_Reference_ID reference="uuid" reference-key="AD_Reference">d964b65a-d831-47e2-9ac4-baab93fbc8ef</AD_Reference_ID>
        <ValidFrom/>
        <ValidTo/>
        <Value>S</Value>
        <IsActive>Y</IsActive>
        <EntityType>U</EntityType>
        <AD_Ref_List_UU>43c2278f-c20d-43ae-ad35-7f7b916d3603</AD_Ref_List_UU>
        <AD_Ref_List_Trl type="translation">
            <Description/>
            <Name>Single</Name>
            <AD_Language>es_CO</AD_Language>
            <IsActive>Y</IsActive>
            <IsTranslated>N</IsTranslated>
        </AD_Ref_List_Trl>
    </AD_Ref_List>
    <AD_Ref_List type="table">
        <AD_Client_ID>0</AD_Client_ID>
        <AD_Org_ID>0</AD_Org_ID>
        <Name>Unmarried</Name>
        <Description/>
        <AD_Reference_ID reference="uuid" reference-key="AD_Reference">d964b65a-d831-47e2-9ac4-baab93fbc8ef</AD_Reference_ID>
        <ValidFrom/>
        <ValidTo/>
        <Value>U</Value>
        <IsActive>Y</IsActive>
        <EntityType>U</EntityType>
        <AD_Ref_List_UU>8696e8a5-8da0-4261-86d5-018b150801e2</AD_Ref_List_UU>
        <AD_Ref_List_Trl type="translation">
            <Description/>
            <Name>Unmarried</Name>
            <AD_Language>es_CO</AD_Language>
            <IsActive>Y</IsActive>
            <IsTranslated>N</IsTranslated>
        </AD_Ref_List_Trl>
    </AD_Ref_List>
    <AD_Ref_List type="table">
        <AD_Client_ID>0</AD_Client_ID>
        <AD_Org_ID>0</AD_Org_ID>
        <Name>O+</Name>
        <Description/>
        <AD_Reference_ID reference="uuid" reference-key="AD_Reference">50023f20-dc9e-42a4-a24f-eb6717f28f3c</AD_Reference_ID>
        <ValidFrom/>
        <ValidTo/>
        <Value>O+</Value>
        <IsActive>Y</IsActive>
        <EntityType>U</EntityType>
        <AD_Ref_List_UU>147fa9d9-9675-4170-90f0-61c75257063e</AD_Ref_List_UU>
        <AD_Ref_List_Trl type="translation">
            <Description/>
            <Name>O+</Name>
            <AD_Language>es_CO</AD_Language>
            <IsActive>Y</IsActive>
            <IsTranslated>N</IsTranslated>
        </AD_Ref_List_Trl>
    </AD_Ref_List>
    <AD_Ref_List type="table">
        <AD_Client_ID>0</AD_Client_ID>
        <AD_Org_ID>0</AD_Org_ID>
        <Name>O-</Name>
        <Description/>
        <AD_Reference_ID reference="uuid" reference-key="AD_Reference">50023f20-dc9e-42a4-a24f-eb6717f28f3c</AD_Reference_ID>
        <ValidFrom/>
        <ValidTo/>
        <Value>O-</Value>
        <IsActive>Y</IsActive>
        <EntityType>U</EntityType>
        <AD_Ref_List_UU>8c5779f6-99aa-4a1c-b804-6fd61897cac4</AD_Ref_List_UU>
        <AD_Ref_List_Trl type="translation">
            <Description/>
            <Name>O-</Name>
            <AD_Language>es_CO</AD_Language>
            <IsActive>Y</IsActive>
            <IsTranslated>N</IsTranslated>
        </AD_Ref_List_Trl>
    </AD_Ref_List>
    <AD_Ref_List type="table">
        <AD_Client_ID>0</AD_Client_ID>
        <AD_Org_ID>0</AD_Org_ID>
        <Name>A+</Name>
        <Description/>
        <AD_Reference_ID reference="uuid" reference-key="AD_Reference">50023f20-dc9e-42a4-a24f-eb6717f28f3c</AD_Reference_ID>
        <ValidFrom/>
        <ValidTo/>
        <Value>A+</Value>
        <IsActive>Y</IsActive>
        <EntityType>U</EntityType>
        <AD_Ref_List_UU>9ec75b0b-57c7-43a5-b9d4-32e7961964de</AD_Ref_List_UU>
        <AD_Ref_List_Trl type="translation">
            <Description/>
            <Name>A+</Name>
            <AD_Language>es_CO</AD_Language>
            <IsActive>Y</IsActive>
            <IsTranslated>N</IsTranslated>
        </AD_Ref_List_Trl>
    </AD_Ref_List>
    <AD_Ref_List type="table">
        <AD_Client_ID>0</AD_Client_ID>
        <AD_Org_ID>0</AD_Org_ID>
        <Name>A-</Name>
        <Description/>
        <AD_Reference_ID reference="uuid" reference-key="AD_Reference">50023f20-dc9e-42a4-a24f-eb6717f28f3c</AD_Reference_ID>
        <ValidFrom/>
        <ValidTo/>
        <Value>A-</Value>
        <IsActive>Y</IsActive>
        <EntityType>U</EntityType>
        <AD_Ref_List_UU>31f7950d-e168-4850-9e75-202095b54138</AD_Ref_List_UU>
        <AD_Ref_List_Trl type="translation">
            <Description/>
            <Name>A-</Name>
            <AD_Language>es_CO</AD_Language>
            <IsActive>Y</IsActive>
            <IsTranslated>N</IsTranslated>
        </AD_Ref_List_Trl>
    </AD_Ref_List>
    <AD_Ref_List type="table">
        <AD_Client_ID>0</AD_Client_ID>
        <AD_Org_ID>0</AD_Org_ID>
        <Name>B-</Name>
        <Description/>
        <AD_Reference_ID reference="uuid" reference-key="AD_Reference">50023f20-dc9e-42a4-a24f-eb6717f28f3c</AD_Reference_ID>
        <ValidFrom/>
        <ValidTo/>
        <Value>B-</Value>
        <IsActive>Y</IsActive>
        <EntityType>U</EntityType>
        <AD_Ref_List_UU>6f45d459-30f2-4931-85b3-f109c5d633a8</AD_Ref_List_UU>
        <AD_Ref_List_Trl type="translation">
            <Description/>
            <Name>B-</Name>
            <AD_Language>es_CO</AD_Language>
            <IsActive>Y</IsActive>
            <IsTranslated>N</IsTranslated>
        </AD_Ref_List_Trl>
    </AD_Ref_List>
    <AD_Ref_List type="table">
        <AD_Client_ID>0</AD_Client_ID>
        <AD_Org_ID>0</AD_Org_ID>
        <Name>B+</Name>
        <Description/>
        <AD_Reference_ID reference="uuid" reference-key="AD_Reference">50023f20-dc9e-42a4-a24f-eb6717f28f3c</AD_Reference_ID>
        <ValidFrom/>
        <ValidTo/>
        <Value>B+</Value>
        <IsActive>Y</IsActive>
        <EntityType>U</EntityType>
        <AD_Ref_List_UU>a416a170-2476-4c31-a53a-53f33f6c9c67</AD_Ref_List_UU>
        <AD_Ref_List_Trl type="translation">
            <Description/>
            <Name>B+</Name>
            <AD_Language>es_CO</AD_Language>
            <IsActive>Y</IsActive>
            <IsTranslated>N</IsTranslated>
        </AD_Ref_List_Trl>
    </AD_Ref_List>
    <AD_Ref_List type="table">
        <AD_Client_ID>0</AD_Client_ID>
        <AD_Org_ID>0</AD_Org_ID>
        <Name>AB+</Name>
        <Description/>
        <AD_Reference_ID reference="uuid" reference-key="AD_Reference">50023f20-dc9e-42a4-a24f-eb6717f28f3c</AD_Reference_ID>
        <ValidFrom/>
        <ValidTo/>
        <Value>AB+</Value>
        <IsActive>Y</IsActive>
        <EntityType>U</EntityType>
        <AD_Ref_List_UU>4f5a2d96-1911-40cd-b075-1135b9a77968</AD_Ref_List_UU>
        <AD_Ref_List_Trl type="translation">
            <Description/>
            <Name>AB</Name>
            <AD_Language>es_CO</AD_Language>
            <IsActive>Y</IsActive>
            <IsTranslated>N</IsTranslated>
        </AD_Ref_List_Trl>
    </AD_Ref_List>
    <AD_Ref_List type="table">
        <AD_Client_ID>0</AD_Client_ID>
        <AD_Org_ID>0</AD_Org_ID>
        <Name>AB-</Name>
        <Description/>
        <AD_Reference_ID reference="uuid" reference-key="AD_Reference">50023f20-dc9e-42a4-a24f-eb6717f28f3c</AD_Reference_ID>
        <ValidFrom/>
        <ValidTo/>
        <Value>AB-</Value>
        <IsActive>Y</IsActive>
        <EntityType>U</EntityType>
        <AD_Ref_List_UU>726bc4c5-fec4-4697-a9bd-c1375d1100e4</AD_Ref_List_UU>
        <AD_Ref_List_Trl type="translation">
            <Description/>
            <Name>AB-</Name>
            <AD_Language>es_CO</AD_Language>
            <IsActive>Y</IsActive>
            <IsTranslated>N</IsTranslated>
        </AD_Ref_List_Trl>
    </AD_Ref_List>
</idempiere>
