<?xml version="1.0" encoding="UTF-8"?><idempiere Name="AD_PrintFormat" Version="1.0.0" idempiereVersion="5.1.0.qualifier" DataBaseVersion="2017-10-31" Description="" Author="SuperUser" AuthorEmail="erp@shaik.net" CreatedDate="Mon Oct 21 14:38:22 AST 2019" UpdatedDate="Mon Oct 21 14:38:22 AST 2019" PackOutVersion="100" UpdateDictionary="true" Client="1000000-Designer Shaik Inc. W.L.L.-Designer Shaik Inc. W.L.L." AD_Client_UU="73d882a6-4524-4f53-8626-38ac5f0f6848">
    <AD_PrintPaper type="table">
        <AD_Org_ID>0</AD_Org_ID>
        <Description>1/2 inch margin on all sides</Description>
        <Name>Box Labels</Name>
        <IsActive>Y</IsActive>
        <Code>none</Code>
        <IsLandscape>Y</IsLandscape>
        <IsDefault>Y</IsDefault>
        <MarginTop>10</MarginTop>
        <MarginRight>10</MarginRight>
        <MarginLeft>10</MarginLeft>
        <MarginBottom>10</MarginBottom>
        <Processing>N</Processing>
        <SizeX>1.46</SizeX>
        <SizeY>4.13</SizeY>
        <DimensionUnits>I</DimensionUnits>
        <AD_PrintPaper_UU>b4f836c7-b10a-4f6c-8246-d763b0e43340</AD_PrintPaper_UU>
    </AD_PrintPaper>
    <AD_PrintFormat type="table">
        <AD_Org_ID>@AD_Org_ID@</AD_Org_ID>
        <IsTableBased>Y</IsTableBased>
        <IsActive>Y</IsActive>
        <IsStandardHeaderFooter>Y</IsStandardHeaderFooter>
        <AD_PrintFont_ID reference="id">130</AD_PrintFont_ID>
        <AD_Table_ID reference="uuid" reference-key="AD_Table">b5bba7e8-4f02-45f4-9a16-ccb02d6e79f1</AD_Table_ID>
        <IsForm>N</IsForm>
        <HeaderMargin>0</HeaderMargin>
        <AD_PrintColor_ID reference="id">100</AD_PrintColor_ID>
        <Name>Filling Summary</Name>
        <CreateCopy/>
        <FooterMargin>0</FooterMargin>
        <AD_PrintPaper_ID reference="uuid" reference-key="AD_PrintPaper">b4f836c7-b10a-4f6c-8246-d763b0e43340</AD_PrintPaper_ID>
        <Description/>
        <AD_ReportView_ID reference="uuid" reference-key="AD_ReportView">895cbf8e-93f4-454c-b6b9-ca4b65df45f0</AD_ReportView_ID>
        <AD_PrintTableFormat_ID reference="id"/>
        <PrinterName/>
        <IsDefault>N</IsDefault>
        <JasperProcess_ID reference="id"/>
        <Classname/>
        <Args/>
        <AD_PrintFormat_UU>5f4b2ce8-e4e5-406a-bee0-ee6730961fdc</AD_PrintFormat_UU>
        <AD_Window_ID reference="id"/>
        <AD_PrintFormat_Trl type="translation">
            <Name>Filling Summary</Name>
            <Description/>
            <AD_Language>es_CO</AD_Language>
            <IsActive>Y</IsActive>
            <IsTranslated>N</IsTranslated>
        </AD_PrintFormat_Trl>
        <AD_PrintFormatItem type="table">
            <AD_Org_ID>@AD_Org_ID@</AD_Org_ID>
            <SeqNo>0</SeqNo>
            <Name>Active</Name>
            <IsNextLine>N</IsNextLine>
            <AD_PrintFormatChild_ID reference="id"/>
            <PrintName>Active</PrintName>
            <YSpace>0</YSpace>
            <SortNo>0</SortNo>
            <AD_Column_ID reference="uuid" reference-key="AD_Column">7a6d37d4-eecd-4656-b4be-14bb84a620c0</AD_Column_ID>
            <IsPageBreak>N</IsPageBreak>
            <IsRelativePosition>Y</IsRelativePosition>
            <MaxWidth>0</MaxWidth>
            <IsSummarized>N</IsSummarized>
            <YPosition>0</YPosition>
            <AD_PrintColor_ID reference="id"/>
            <AD_PrintFormat_ID reference="uuid" reference-key="AD_PrintFormat">5f4b2ce8-e4e5-406a-bee0-ee6730961fdc</AD_PrintFormat_ID>
            <XSpace>0</XSpace>
            <AD_PrintFont_ID reference="id"/>
            <IsActive>Y</IsActive>
            <IsHeightOneLine>N</IsHeightOneLine>
            <MaxHeight>0</MaxHeight>
            <XPosition>0</XPosition>
            <FieldAlignmentType>L</FieldAlignmentType>
            <IsPrinted>N</IsPrinted>
            <IsOrderBy>N</IsOrderBy>
            <IsGroupBy>N</IsGroupBy>
            <LineAlignmentType>X</LineAlignmentType>
            <PrintFormatType>F</PrintFormatType>
            <PrintAreaType>C</PrintAreaType>
            <ImageURL/>
            <ImageIsAttached>N</ImageIsAttached>
            <IsCounted>N</IsCounted>
            <IsAveraged>N</IsAveraged>
            <IsSuppressNull>N</IsSuppressNull>
            <IsSetNLPosition>N</IsSetNLPosition>
            <BelowColumn/>
            <AD_PrintGraph_ID reference="id"/>
            <IsNextPage>N</IsNextPage>
            <IsFixedWidth>N</IsFixedWidth>
            <PrintNameSuffix/>
            <IsMaxCalc>N</IsMaxCalc>
            <RunningTotalLines/>
            <IsRunningTotal>N</IsRunningTotal>
            <IsMinCalc>N</IsMinCalc>
            <IsVarianceCalc>N</IsVarianceCalc>
            <IsDeviationCalc>N</IsDeviationCalc>
            <IsFilledRectangle>N</IsFilledRectangle>
            <LineWidth>1</LineWidth>
            <ArcDiameter>0</ArcDiameter>
            <ShapeType>N</ShapeType>
            <IsCentrallyMaintained>Y</IsCentrallyMaintained>
            <IsImageField>N</IsImageField>
            <BarcodeType/>
            <FormatPattern/>
            <IsSuppressRepeats>N</IsSuppressRepeats>
            <AD_PrintFormatItem_UU>2b4ed2ad-2d88-47a9-b026-4d060304a01b</AD_PrintFormatItem_UU>
            <IsDesc>N</IsDesc>
            <AD_PrintFormatItem_Trl type="translation">
                <PrintName>Active</PrintName>
                <PrintNameSuffix/>
                <Name>Active</Name>
                <AD_Language>es_CO</AD_Language>
                <IsActive>Y</IsActive>
                <IsTranslated>N</IsTranslated>
            </AD_PrintFormatItem_Trl>
        </AD_PrintFormatItem>
        <AD_PrintFormatItem type="table">
            <AD_Org_ID>@AD_Org_ID@</AD_Org_ID>
            <SeqNo>0</SeqNo>
            <Name>Updated By</Name>
            <IsNextLine>N</IsNextLine>
            <AD_PrintFormatChild_ID reference="id"/>
            <PrintName>Updated By</PrintName>
            <YSpace>0</YSpace>
            <SortNo>0</SortNo>
            <AD_Column_ID reference="uuid" reference-key="AD_Column">8b43fadf-89d8-4f7f-a34e-45e96f77d8fc</AD_Column_ID>
            <IsPageBreak>N</IsPageBreak>
            <IsRelativePosition>Y</IsRelativePosition>
            <MaxWidth>0</MaxWidth>
            <IsSummarized>N</IsSummarized>
            <YPosition>0</YPosition>
            <AD_PrintColor_ID reference="id"/>
            <AD_PrintFormat_ID reference="uuid" reference-key="AD_PrintFormat">5f4b2ce8-e4e5-406a-bee0-ee6730961fdc</AD_PrintFormat_ID>
            <XSpace>0</XSpace>
            <AD_PrintFont_ID reference="id"/>
            <IsActive>Y</IsActive>
            <IsHeightOneLine>N</IsHeightOneLine>
            <MaxHeight>0</MaxHeight>
            <XPosition>0</XPosition>
            <FieldAlignmentType>L</FieldAlignmentType>
            <IsPrinted>N</IsPrinted>
            <IsOrderBy>N</IsOrderBy>
            <IsGroupBy>N</IsGroupBy>
            <LineAlignmentType>X</LineAlignmentType>
            <PrintFormatType>F</PrintFormatType>
            <PrintAreaType>C</PrintAreaType>
            <ImageURL/>
            <ImageIsAttached>N</ImageIsAttached>
            <IsCounted>N</IsCounted>
            <IsAveraged>N</IsAveraged>
            <IsSuppressNull>N</IsSuppressNull>
            <IsSetNLPosition>N</IsSetNLPosition>
            <BelowColumn/>
            <AD_PrintGraph_ID reference="id"/>
            <IsNextPage>N</IsNextPage>
            <IsFixedWidth>N</IsFixedWidth>
            <PrintNameSuffix/>
            <IsMaxCalc>N</IsMaxCalc>
            <RunningTotalLines/>
            <IsRunningTotal>N</IsRunningTotal>
            <IsMinCalc>N</IsMinCalc>
            <IsVarianceCalc>N</IsVarianceCalc>
            <IsDeviationCalc>N</IsDeviationCalc>
            <IsFilledRectangle>N</IsFilledRectangle>
            <LineWidth>1</LineWidth>
            <ArcDiameter>0</ArcDiameter>
            <ShapeType>N</ShapeType>
            <IsCentrallyMaintained>Y</IsCentrallyMaintained>
            <IsImageField>N</IsImageField>
            <BarcodeType/>
            <FormatPattern/>
            <IsSuppressRepeats>N</IsSuppressRepeats>
            <AD_PrintFormatItem_UU>27a9ba3e-31a9-4259-8271-2ff966f3ab99</AD_PrintFormatItem_UU>
            <IsDesc>N</IsDesc>
            <AD_PrintFormatItem_Trl type="translation">
                <PrintName>Updated By</PrintName>
                <PrintNameSuffix/>
                <Name>Updated By</Name>
                <AD_Language>es_CO</AD_Language>
                <IsActive>Y</IsActive>
                <IsTranslated>N</IsTranslated>
            </AD_PrintFormatItem_Trl>
        </AD_PrintFormatItem>
        <AD_PrintFormatItem type="table">
            <AD_Org_ID>@AD_Org_ID@</AD_Org_ID>
            <SeqNo>0</SeqNo>
            <Name>Updated</Name>
            <IsNextLine>N</IsNextLine>
            <AD_PrintFormatChild_ID reference="id"/>
            <PrintName>Updated</PrintName>
            <YSpace>0</YSpace>
            <SortNo>0</SortNo>
            <AD_Column_ID reference="uuid" reference-key="AD_Column">42fa80d9-0f56-4b23-ae55-d3d0e51fe045</AD_Column_ID>
            <IsPageBreak>N</IsPageBreak>
            <IsRelativePosition>Y</IsRelativePosition>
            <MaxWidth>0</MaxWidth>
            <IsSummarized>N</IsSummarized>
            <YPosition>0</YPosition>
            <AD_PrintColor_ID reference="id"/>
            <AD_PrintFormat_ID reference="uuid" reference-key="AD_PrintFormat">5f4b2ce8-e4e5-406a-bee0-ee6730961fdc</AD_PrintFormat_ID>
            <XSpace>0</XSpace>
            <AD_PrintFont_ID reference="id"/>
            <IsActive>Y</IsActive>
            <IsHeightOneLine>N</IsHeightOneLine>
            <MaxHeight>0</MaxHeight>
            <XPosition>0</XPosition>
            <FieldAlignmentType>L</FieldAlignmentType>
            <IsPrinted>N</IsPrinted>
            <IsOrderBy>N</IsOrderBy>
            <IsGroupBy>N</IsGroupBy>
            <LineAlignmentType>X</LineAlignmentType>
            <PrintFormatType>F</PrintFormatType>
            <PrintAreaType>C</PrintAreaType>
            <ImageURL/>
            <ImageIsAttached>N</ImageIsAttached>
            <IsCounted>N</IsCounted>
            <IsAveraged>N</IsAveraged>
            <IsSuppressNull>N</IsSuppressNull>
            <IsSetNLPosition>N</IsSetNLPosition>
            <BelowColumn/>
            <AD_PrintGraph_ID reference="id"/>
            <IsNextPage>N</IsNextPage>
            <IsFixedWidth>N</IsFixedWidth>
            <PrintNameSuffix/>
            <IsMaxCalc>N</IsMaxCalc>
            <RunningTotalLines/>
            <IsRunningTotal>N</IsRunningTotal>
            <IsMinCalc>N</IsMinCalc>
            <IsVarianceCalc>N</IsVarianceCalc>
            <IsDeviationCalc>N</IsDeviationCalc>
            <IsFilledRectangle>N</IsFilledRectangle>
            <LineWidth>1</LineWidth>
            <ArcDiameter>0</ArcDiameter>
            <ShapeType>N</ShapeType>
            <IsCentrallyMaintained>Y</IsCentrallyMaintained>
            <IsImageField>N</IsImageField>
            <BarcodeType/>
            <FormatPattern/>
            <IsSuppressRepeats>N</IsSuppressRepeats>
            <AD_PrintFormatItem_UU>b9498762-b296-4bc1-b3dc-f563ce9f295a</AD_PrintFormatItem_UU>
            <IsDesc>N</IsDesc>
            <AD_PrintFormatItem_Trl type="translation">
                <PrintName>Updated</PrintName>
                <PrintNameSuffix/>
                <Name>Updated</Name>
                <AD_Language>es_CO</AD_Language>
                <IsActive>Y</IsActive>
                <IsTranslated>N</IsTranslated>
            </AD_PrintFormatItem_Trl>
        </AD_PrintFormatItem>
        <AD_PrintFormatItem type="table">
            <AD_Org_ID>@AD_Org_ID@</AD_Org_ID>
            <SeqNo>0</SeqNo>
            <Name>Organization</Name>
            <IsNextLine>N</IsNextLine>
            <AD_PrintFormatChild_ID reference="id"/>
            <PrintName>Organization</PrintName>
            <YSpace>0</YSpace>
            <SortNo>0</SortNo>
            <AD_Column_ID reference="uuid" reference-key="AD_Column">e4bc4031-25db-4bc8-8196-f91293bee3c1</AD_Column_ID>
            <IsPageBreak>N</IsPageBreak>
            <IsRelativePosition>Y</IsRelativePosition>
            <MaxWidth>0</MaxWidth>
            <IsSummarized>N</IsSummarized>
            <YPosition>0</YPosition>
            <AD_PrintColor_ID reference="id"/>
            <AD_PrintFormat_ID reference="uuid" reference-key="AD_PrintFormat">5f4b2ce8-e4e5-406a-bee0-ee6730961fdc</AD_PrintFormat_ID>
            <XSpace>0</XSpace>
            <AD_PrintFont_ID reference="id"/>
            <IsActive>Y</IsActive>
            <IsHeightOneLine>N</IsHeightOneLine>
            <MaxHeight>0</MaxHeight>
            <XPosition>0</XPosition>
            <FieldAlignmentType>L</FieldAlignmentType>
            <IsPrinted>N</IsPrinted>
            <IsOrderBy>N</IsOrderBy>
            <IsGroupBy>N</IsGroupBy>
            <LineAlignmentType>X</LineAlignmentType>
            <PrintFormatType>F</PrintFormatType>
            <PrintAreaType>C</PrintAreaType>
            <ImageURL/>
            <ImageIsAttached>N</ImageIsAttached>
            <IsCounted>N</IsCounted>
            <IsAveraged>N</IsAveraged>
            <IsSuppressNull>N</IsSuppressNull>
            <IsSetNLPosition>N</IsSetNLPosition>
            <BelowColumn/>
            <AD_PrintGraph_ID reference="id"/>
            <IsNextPage>N</IsNextPage>
            <IsFixedWidth>N</IsFixedWidth>
            <PrintNameSuffix/>
            <IsMaxCalc>N</IsMaxCalc>
            <RunningTotalLines/>
            <IsRunningTotal>N</IsRunningTotal>
            <IsMinCalc>N</IsMinCalc>
            <IsVarianceCalc>N</IsVarianceCalc>
            <IsDeviationCalc>N</IsDeviationCalc>
            <IsFilledRectangle>N</IsFilledRectangle>
            <LineWidth>1</LineWidth>
            <ArcDiameter>0</ArcDiameter>
            <ShapeType>N</ShapeType>
            <IsCentrallyMaintained>Y</IsCentrallyMaintained>
            <IsImageField>N</IsImageField>
            <BarcodeType/>
            <FormatPattern/>
            <IsSuppressRepeats>N</IsSuppressRepeats>
            <AD_PrintFormatItem_UU>fc32d874-743f-418e-a2e5-ecb40dc65952</AD_PrintFormatItem_UU>
            <IsDesc>N</IsDesc>
            <AD_PrintFormatItem_Trl type="translation">
                <PrintName>Organization</PrintName>
                <PrintNameSuffix/>
                <Name>Organization</Name>
                <AD_Language>es_CO</AD_Language>
                <IsActive>Y</IsActive>
                <IsTranslated>N</IsTranslated>
            </AD_PrintFormatItem_Trl>
        </AD_PrintFormatItem>
        <AD_PrintFormatItem type="table">
            <AD_Org_ID>@AD_Org_ID@</AD_Org_ID>
            <SeqNo>0</SeqNo>
            <Name>Created By</Name>
            <IsNextLine>N</IsNextLine>
            <AD_PrintFormatChild_ID reference="id"/>
            <PrintName>Created By</PrintName>
            <YSpace>0</YSpace>
            <SortNo>0</SortNo>
            <AD_Column_ID reference="uuid" reference-key="AD_Column">a6b31ed4-26b5-410b-a347-e51e7a99a461</AD_Column_ID>
            <IsPageBreak>N</IsPageBreak>
            <IsRelativePosition>Y</IsRelativePosition>
            <MaxWidth>0</MaxWidth>
            <IsSummarized>N</IsSummarized>
            <YPosition>0</YPosition>
            <AD_PrintColor_ID reference="id"/>
            <AD_PrintFormat_ID reference="uuid" reference-key="AD_PrintFormat">5f4b2ce8-e4e5-406a-bee0-ee6730961fdc</AD_PrintFormat_ID>
            <XSpace>0</XSpace>
            <AD_PrintFont_ID reference="id"/>
            <IsActive>Y</IsActive>
            <IsHeightOneLine>N</IsHeightOneLine>
            <MaxHeight>0</MaxHeight>
            <XPosition>0</XPosition>
            <FieldAlignmentType>L</FieldAlignmentType>
            <IsPrinted>N</IsPrinted>
            <IsOrderBy>N</IsOrderBy>
            <IsGroupBy>N</IsGroupBy>
            <LineAlignmentType>X</LineAlignmentType>
            <PrintFormatType>F</PrintFormatType>
            <PrintAreaType>C</PrintAreaType>
            <ImageURL/>
            <ImageIsAttached>N</ImageIsAttached>
            <IsCounted>N</IsCounted>
            <IsAveraged>N</IsAveraged>
            <IsSuppressNull>N</IsSuppressNull>
            <IsSetNLPosition>N</IsSetNLPosition>
            <BelowColumn/>
            <AD_PrintGraph_ID reference="id"/>
            <IsNextPage>N</IsNextPage>
            <IsFixedWidth>N</IsFixedWidth>
            <PrintNameSuffix/>
            <IsMaxCalc>N</IsMaxCalc>
            <RunningTotalLines/>
            <IsRunningTotal>N</IsRunningTotal>
            <IsMinCalc>N</IsMinCalc>
            <IsVarianceCalc>N</IsVarianceCalc>
            <IsDeviationCalc>N</IsDeviationCalc>
            <IsFilledRectangle>N</IsFilledRectangle>
            <LineWidth>1</LineWidth>
            <ArcDiameter>0</ArcDiameter>
            <ShapeType>N</ShapeType>
            <IsCentrallyMaintained>Y</IsCentrallyMaintained>
            <IsImageField>N</IsImageField>
            <BarcodeType/>
            <FormatPattern/>
            <IsSuppressRepeats>N</IsSuppressRepeats>
            <AD_PrintFormatItem_UU>d0bac594-2769-412f-9df8-15db78b666fb</AD_PrintFormatItem_UU>
            <IsDesc>N</IsDesc>
            <AD_PrintFormatItem_Trl type="translation">
                <PrintName>Created By</PrintName>
                <PrintNameSuffix/>
                <Name>Created By</Name>
                <AD_Language>es_CO</AD_Language>
                <IsActive>Y</IsActive>
                <IsTranslated>N</IsTranslated>
            </AD_PrintFormatItem_Trl>
        </AD_PrintFormatItem>
        <AD_PrintFormatItem type="table">
            <AD_Org_ID>@AD_Org_ID@</AD_Org_ID>
            <SeqNo>0</SeqNo>
            <Name>Created</Name>
            <IsNextLine>N</IsNextLine>
            <AD_PrintFormatChild_ID reference="id"/>
            <PrintName>Created</PrintName>
            <YSpace>0</YSpace>
            <SortNo>0</SortNo>
            <AD_Column_ID reference="uuid" reference-key="AD_Column">afa9e0b1-9482-4f4c-ac6b-1026c34df0a9</AD_Column_ID>
            <IsPageBreak>N</IsPageBreak>
            <IsRelativePosition>Y</IsRelativePosition>
            <MaxWidth>0</MaxWidth>
            <IsSummarized>N</IsSummarized>
            <YPosition>0</YPosition>
            <AD_PrintColor_ID reference="id"/>
            <AD_PrintFormat_ID reference="uuid" reference-key="AD_PrintFormat">5f4b2ce8-e4e5-406a-bee0-ee6730961fdc</AD_PrintFormat_ID>
            <XSpace>0</XSpace>
            <AD_PrintFont_ID reference="id"/>
            <IsActive>Y</IsActive>
            <IsHeightOneLine>N</IsHeightOneLine>
            <MaxHeight>0</MaxHeight>
            <XPosition>0</XPosition>
            <FieldAlignmentType>L</FieldAlignmentType>
            <IsPrinted>N</IsPrinted>
            <IsOrderBy>N</IsOrderBy>
            <IsGroupBy>N</IsGroupBy>
            <LineAlignmentType>X</LineAlignmentType>
            <PrintFormatType>F</PrintFormatType>
            <PrintAreaType>C</PrintAreaType>
            <ImageURL/>
            <ImageIsAttached>N</ImageIsAttached>
            <IsCounted>N</IsCounted>
            <IsAveraged>N</IsAveraged>
            <IsSuppressNull>N</IsSuppressNull>
            <IsSetNLPosition>N</IsSetNLPosition>
            <BelowColumn/>
            <AD_PrintGraph_ID reference="id"/>
            <IsNextPage>N</IsNextPage>
            <IsFixedWidth>N</IsFixedWidth>
            <PrintNameSuffix/>
            <IsMaxCalc>N</IsMaxCalc>
            <RunningTotalLines/>
            <IsRunningTotal>N</IsRunningTotal>
            <IsMinCalc>N</IsMinCalc>
            <IsVarianceCalc>N</IsVarianceCalc>
            <IsDeviationCalc>N</IsDeviationCalc>
            <IsFilledRectangle>N</IsFilledRectangle>
            <LineWidth>1</LineWidth>
            <ArcDiameter>0</ArcDiameter>
            <ShapeType>N</ShapeType>
            <IsCentrallyMaintained>Y</IsCentrallyMaintained>
            <IsImageField>N</IsImageField>
            <BarcodeType/>
            <FormatPattern/>
            <IsSuppressRepeats>N</IsSuppressRepeats>
            <AD_PrintFormatItem_UU>1b59852a-229e-498b-a448-805de22ba950</AD_PrintFormatItem_UU>
            <IsDesc>N</IsDesc>
            <AD_PrintFormatItem_Trl type="translation">
                <PrintName>Created</PrintName>
                <PrintNameSuffix/>
                <Name>Created</Name>
                <AD_Language>es_CO</AD_Language>
                <IsActive>Y</IsActive>
                <IsTranslated>N</IsTranslated>
            </AD_PrintFormatItem_Trl>
        </AD_PrintFormatItem>
        <AD_PrintFormatItem type="table">
            <AD_Org_ID>@AD_Org_ID@</AD_Org_ID>
            <SeqNo>0</SeqNo>
            <Name>Client</Name>
            <IsNextLine>N</IsNextLine>
            <AD_PrintFormatChild_ID reference="id"/>
            <PrintName>Client</PrintName>
            <YSpace>0</YSpace>
            <SortNo>0</SortNo>
            <AD_Column_ID reference="uuid" reference-key="AD_Column">8e829378-7f6d-45a0-8af9-cfa6b49c0a29</AD_Column_ID>
            <IsPageBreak>N</IsPageBreak>
            <IsRelativePosition>Y</IsRelativePosition>
            <MaxWidth>0</MaxWidth>
            <IsSummarized>N</IsSummarized>
            <YPosition>0</YPosition>
            <AD_PrintColor_ID reference="id"/>
            <AD_PrintFormat_ID reference="uuid" reference-key="AD_PrintFormat">5f4b2ce8-e4e5-406a-bee0-ee6730961fdc</AD_PrintFormat_ID>
            <XSpace>0</XSpace>
            <AD_PrintFont_ID reference="id"/>
            <IsActive>Y</IsActive>
            <IsHeightOneLine>N</IsHeightOneLine>
            <MaxHeight>0</MaxHeight>
            <XPosition>0</XPosition>
            <FieldAlignmentType>L</FieldAlignmentType>
            <IsPrinted>N</IsPrinted>
            <IsOrderBy>N</IsOrderBy>
            <IsGroupBy>N</IsGroupBy>
            <LineAlignmentType>X</LineAlignmentType>
            <PrintFormatType>F</PrintFormatType>
            <PrintAreaType>C</PrintAreaType>
            <ImageURL/>
            <ImageIsAttached>N</ImageIsAttached>
            <IsCounted>N</IsCounted>
            <IsAveraged>N</IsAveraged>
            <IsSuppressNull>N</IsSuppressNull>
            <IsSetNLPosition>N</IsSetNLPosition>
            <BelowColumn/>
            <AD_PrintGraph_ID reference="id"/>
            <IsNextPage>N</IsNextPage>
            <IsFixedWidth>N</IsFixedWidth>
            <PrintNameSuffix/>
            <IsMaxCalc>N</IsMaxCalc>
            <RunningTotalLines/>
            <IsRunningTotal>N</IsRunningTotal>
            <IsMinCalc>N</IsMinCalc>
            <IsVarianceCalc>N</IsVarianceCalc>
            <IsDeviationCalc>N</IsDeviationCalc>
            <IsFilledRectangle>N</IsFilledRectangle>
            <LineWidth>1</LineWidth>
            <ArcDiameter>0</ArcDiameter>
            <ShapeType>N</ShapeType>
            <IsCentrallyMaintained>Y</IsCentrallyMaintained>
            <IsImageField>N</IsImageField>
            <BarcodeType/>
            <FormatPattern/>
            <IsSuppressRepeats>N</IsSuppressRepeats>
            <AD_PrintFormatItem_UU>773958ea-455b-4321-8ce6-b36c0e84850d</AD_PrintFormatItem_UU>
            <IsDesc>N</IsDesc>
            <AD_PrintFormatItem_Trl type="translation">
                <PrintName>Client</PrintName>
                <PrintNameSuffix/>
                <Name>Client</Name>
                <AD_Language>es_CO</AD_Language>
                <IsActive>Y</IsActive>
                <IsTranslated>N</IsTranslated>
            </AD_PrintFormatItem_Trl>
        </AD_PrintFormatItem>
        <AD_PrintFormatItem type="table">
            <AD_Org_ID>@AD_Org_ID@</AD_Org_ID>
            <SeqNo>10</SeqNo>
            <Name>Name</Name>
            <IsNextLine>N</IsNextLine>
            <AD_PrintFormatChild_ID reference="id"/>
            <PrintName>Name</PrintName>
            <YSpace>0</YSpace>
            <SortNo>0</SortNo>
            <AD_Column_ID reference="uuid" reference-key="AD_Column">93c2f878-67e3-486a-9fe4-65d2919f25e8</AD_Column_ID>
            <IsPageBreak>N</IsPageBreak>
            <IsRelativePosition>Y</IsRelativePosition>
            <MaxWidth>0</MaxWidth>
            <IsSummarized>N</IsSummarized>
            <YPosition>0</YPosition>
            <AD_PrintColor_ID reference="id"/>
            <AD_PrintFormat_ID reference="uuid" reference-key="AD_PrintFormat">5f4b2ce8-e4e5-406a-bee0-ee6730961fdc</AD_PrintFormat_ID>
            <XSpace>0</XSpace>
            <AD_PrintFont_ID reference="id"/>
            <IsActive>Y</IsActive>
            <IsHeightOneLine>N</IsHeightOneLine>
            <MaxHeight>0</MaxHeight>
            <XPosition>0</XPosition>
            <FieldAlignmentType>L</FieldAlignmentType>
            <IsPrinted>Y</IsPrinted>
            <IsOrderBy>N</IsOrderBy>
            <IsGroupBy>N</IsGroupBy>
            <LineAlignmentType>X</LineAlignmentType>
            <PrintFormatType>F</PrintFormatType>
            <PrintAreaType>C</PrintAreaType>
            <ImageURL/>
            <ImageIsAttached>N</ImageIsAttached>
            <IsCounted>N</IsCounted>
            <IsAveraged>N</IsAveraged>
            <IsSuppressNull>N</IsSuppressNull>
            <IsSetNLPosition>N</IsSetNLPosition>
            <BelowColumn/>
            <AD_PrintGraph_ID reference="id"/>
            <IsNextPage>N</IsNextPage>
            <IsFixedWidth>N</IsFixedWidth>
            <PrintNameSuffix/>
            <IsMaxCalc>N</IsMaxCalc>
            <RunningTotalLines/>
            <IsRunningTotal>N</IsRunningTotal>
            <IsMinCalc>N</IsMinCalc>
            <IsVarianceCalc>N</IsVarianceCalc>
            <IsDeviationCalc>N</IsDeviationCalc>
            <IsFilledRectangle>N</IsFilledRectangle>
            <LineWidth>1</LineWidth>
            <ArcDiameter>0</ArcDiameter>
            <ShapeType>N</ShapeType>
            <IsCentrallyMaintained>Y</IsCentrallyMaintained>
            <IsImageField>N</IsImageField>
            <BarcodeType/>
            <FormatPattern/>
            <IsSuppressRepeats>Y</IsSuppressRepeats>
            <AD_PrintFormatItem_UU>325b490a-9076-47e1-be3d-fff5d332e638</AD_PrintFormatItem_UU>
            <IsDesc>N</IsDesc>
            <AD_PrintFormatItem_Trl type="translation">
                <PrintName>Name</PrintName>
                <PrintNameSuffix/>
                <Name>Name</Name>
                <AD_Language>es_CO</AD_Language>
                <IsActive>Y</IsActive>
                <IsTranslated>N</IsTranslated>
            </AD_PrintFormatItem_Trl>
        </AD_PrintFormatItem>
        <AD_PrintFormatItem type="table">
            <AD_Org_ID>@AD_Org_ID@</AD_Org_ID>
            <SeqNo>20</SeqNo>
            <Name>Date From</Name>
            <IsNextLine>N</IsNextLine>
            <AD_PrintFormatChild_ID reference="id"/>
            <PrintName>Date From</PrintName>
            <YSpace>0</YSpace>
            <SortNo>0</SortNo>
            <AD_Column_ID reference="uuid" reference-key="AD_Column">23dac2d2-bd8c-45ae-8b11-f427ae6073f2</AD_Column_ID>
            <IsPageBreak>N</IsPageBreak>
            <IsRelativePosition>Y</IsRelativePosition>
            <MaxWidth>0</MaxWidth>
            <IsSummarized>N</IsSummarized>
            <YPosition>0</YPosition>
            <AD_PrintColor_ID reference="id"/>
            <AD_PrintFormat_ID reference="uuid" reference-key="AD_PrintFormat">5f4b2ce8-e4e5-406a-bee0-ee6730961fdc</AD_PrintFormat_ID>
            <XSpace>0</XSpace>
            <AD_PrintFont_ID reference="id"/>
            <IsActive>Y</IsActive>
            <IsHeightOneLine>N</IsHeightOneLine>
            <MaxHeight>0</MaxHeight>
            <XPosition>0</XPosition>
            <FieldAlignmentType>L</FieldAlignmentType>
            <IsPrinted>Y</IsPrinted>
            <IsOrderBy>N</IsOrderBy>
            <IsGroupBy>N</IsGroupBy>
            <LineAlignmentType>X</LineAlignmentType>
            <PrintFormatType>F</PrintFormatType>
            <PrintAreaType>C</PrintAreaType>
            <ImageURL/>
            <ImageIsAttached>N</ImageIsAttached>
            <IsCounted>N</IsCounted>
            <IsAveraged>N</IsAveraged>
            <IsSuppressNull>N</IsSuppressNull>
            <IsSetNLPosition>N</IsSetNLPosition>
            <BelowColumn/>
            <AD_PrintGraph_ID reference="id"/>
            <IsNextPage>N</IsNextPage>
            <IsFixedWidth>N</IsFixedWidth>
            <PrintNameSuffix/>
            <IsMaxCalc>N</IsMaxCalc>
            <RunningTotalLines/>
            <IsRunningTotal>N</IsRunningTotal>
            <IsMinCalc>N</IsMinCalc>
            <IsVarianceCalc>N</IsVarianceCalc>
            <IsDeviationCalc>N</IsDeviationCalc>
            <IsFilledRectangle>N</IsFilledRectangle>
            <LineWidth>1</LineWidth>
            <ArcDiameter>0</ArcDiameter>
            <ShapeType>N</ShapeType>
            <IsCentrallyMaintained>Y</IsCentrallyMaintained>
            <IsImageField>N</IsImageField>
            <BarcodeType/>
            <FormatPattern/>
            <IsSuppressRepeats>Y</IsSuppressRepeats>
            <AD_PrintFormatItem_UU>3166f810-cf7e-4d43-80f4-9a8e9a615571</AD_PrintFormatItem_UU>
            <IsDesc>N</IsDesc>
            <AD_PrintFormatItem_Trl type="translation">
                <PrintName>Date From</PrintName>
                <PrintNameSuffix/>
                <Name>Date From</Name>
                <AD_Language>es_CO</AD_Language>
                <IsActive>Y</IsActive>
                <IsTranslated>N</IsTranslated>
            </AD_PrintFormatItem_Trl>
        </AD_PrintFormatItem>
        <AD_PrintFormatItem type="table">
            <AD_Org_ID>@AD_Org_ID@</AD_Org_ID>
            <SeqNo>30</SeqNo>
            <Name>Date To</Name>
            <IsNextLine>N</IsNextLine>
            <AD_PrintFormatChild_ID reference="id"/>
            <PrintName>Date To</PrintName>
            <YSpace>0</YSpace>
            <SortNo>0</SortNo>
            <AD_Column_ID reference="uuid" reference-key="AD_Column">aa8ab134-4888-466a-8004-d779f2551ea9</AD_Column_ID>
            <IsPageBreak>N</IsPageBreak>
            <IsRelativePosition>Y</IsRelativePosition>
            <MaxWidth>0</MaxWidth>
            <IsSummarized>N</IsSummarized>
            <YPosition>0</YPosition>
            <AD_PrintColor_ID reference="id"/>
            <AD_PrintFormat_ID reference="uuid" reference-key="AD_PrintFormat">5f4b2ce8-e4e5-406a-bee0-ee6730961fdc</AD_PrintFormat_ID>
            <XSpace>0</XSpace>
            <AD_PrintFont_ID reference="id"/>
            <IsActive>Y</IsActive>
            <IsHeightOneLine>N</IsHeightOneLine>
            <MaxHeight>0</MaxHeight>
            <XPosition>0</XPosition>
            <FieldAlignmentType>L</FieldAlignmentType>
            <IsPrinted>Y</IsPrinted>
            <IsOrderBy>N</IsOrderBy>
            <IsGroupBy>N</IsGroupBy>
            <LineAlignmentType>X</LineAlignmentType>
            <PrintFormatType>F</PrintFormatType>
            <PrintAreaType>C</PrintAreaType>
            <ImageURL/>
            <ImageIsAttached>N</ImageIsAttached>
            <IsCounted>N</IsCounted>
            <IsAveraged>N</IsAveraged>
            <IsSuppressNull>N</IsSuppressNull>
            <IsSetNLPosition>N</IsSetNLPosition>
            <BelowColumn/>
            <AD_PrintGraph_ID reference="id"/>
            <IsNextPage>N</IsNextPage>
            <IsFixedWidth>N</IsFixedWidth>
            <PrintNameSuffix/>
            <IsMaxCalc>N</IsMaxCalc>
            <RunningTotalLines/>
            <IsRunningTotal>N</IsRunningTotal>
            <IsMinCalc>N</IsMinCalc>
            <IsVarianceCalc>N</IsVarianceCalc>
            <IsDeviationCalc>N</IsDeviationCalc>
            <IsFilledRectangle>N</IsFilledRectangle>
            <LineWidth>1</LineWidth>
            <ArcDiameter>0</ArcDiameter>
            <ShapeType>N</ShapeType>
            <IsCentrallyMaintained>Y</IsCentrallyMaintained>
            <IsImageField>N</IsImageField>
            <BarcodeType/>
            <FormatPattern/>
            <IsSuppressRepeats>Y</IsSuppressRepeats>
            <AD_PrintFormatItem_UU>262fdac7-8113-49a8-9049-af4a43976a51</AD_PrintFormatItem_UU>
            <IsDesc>N</IsDesc>
            <AD_PrintFormatItem_Trl type="translation">
                <PrintName>Date To</PrintName>
                <PrintNameSuffix/>
                <Name>Date To</Name>
                <AD_Language>es_CO</AD_Language>
                <IsActive>Y</IsActive>
                <IsTranslated>N</IsTranslated>
            </AD_PrintFormatItem_Trl>
        </AD_PrintFormatItem>
        <AD_PrintFormatItem type="table">
            <AD_Org_ID>@AD_Org_ID@</AD_Org_ID>
            <SeqNo>40</SeqNo>
            <Name>SO/PO Type</Name>
            <IsNextLine>Y</IsNextLine>
            <AD_PrintFormatChild_ID reference="id"/>
            <PrintName>SO/PO Type</PrintName>
            <YSpace>0</YSpace>
            <SortNo>0</SortNo>
            <AD_Column_ID reference="uuid" reference-key="AD_Column">cd73775a-aec2-4c46-bf9e-f85e06e2a24d</AD_Column_ID>
            <IsPageBreak>N</IsPageBreak>
            <IsRelativePosition>Y</IsRelativePosition>
            <MaxWidth>0</MaxWidth>
            <IsSummarized>N</IsSummarized>
            <YPosition>0</YPosition>
            <AD_PrintColor_ID reference="id">100</AD_PrintColor_ID>
            <AD_PrintFormat_ID reference="uuid" reference-key="AD_PrintFormat">5f4b2ce8-e4e5-406a-bee0-ee6730961fdc</AD_PrintFormat_ID>
            <XSpace>0</XSpace>
            <AD_PrintFont_ID reference="id">130</AD_PrintFont_ID>
            <IsActive>Y</IsActive>
            <IsHeightOneLine>Y</IsHeightOneLine>
            <MaxHeight>0</MaxHeight>
            <XPosition>0</XPosition>
            <FieldAlignmentType>D</FieldAlignmentType>
            <IsPrinted>Y</IsPrinted>
            <IsOrderBy>Y</IsOrderBy>
            <IsGroupBy>Y</IsGroupBy>
            <LineAlignmentType>X</LineAlignmentType>
            <PrintFormatType>F</PrintFormatType>
            <PrintAreaType>C</PrintAreaType>
            <ImageURL/>
            <ImageIsAttached>N</ImageIsAttached>
            <IsCounted>N</IsCounted>
            <IsAveraged>N</IsAveraged>
            <IsSuppressNull>N</IsSuppressNull>
            <IsSetNLPosition>N</IsSetNLPosition>
            <BelowColumn>0</BelowColumn>
            <AD_PrintGraph_ID reference="id"/>
            <IsNextPage>N</IsNextPage>
            <IsFixedWidth>N</IsFixedWidth>
            <PrintNameSuffix/>
            <IsMaxCalc>N</IsMaxCalc>
            <RunningTotalLines>20</RunningTotalLines>
            <IsRunningTotal>N</IsRunningTotal>
            <IsMinCalc>N</IsMinCalc>
            <IsVarianceCalc>N</IsVarianceCalc>
            <IsDeviationCalc>N</IsDeviationCalc>
            <IsFilledRectangle>N</IsFilledRectangle>
            <LineWidth>1</LineWidth>
            <ArcDiameter>0</ArcDiameter>
            <ShapeType>N</ShapeType>
            <IsCentrallyMaintained>N</IsCentrallyMaintained>
            <IsImageField>N</IsImageField>
            <BarcodeType/>
            <FormatPattern/>
            <IsSuppressRepeats>Y</IsSuppressRepeats>
            <AD_PrintFormatItem_UU>6377c1fe-5ebf-4f39-b1b7-9927f68aa7ce</AD_PrintFormatItem_UU>
            <IsDesc>N</IsDesc>
            <AD_PrintFormatItem_Trl type="translation">
                <PrintName>SO/PO Type</PrintName>
                <PrintNameSuffix/>
                <Name>SO/PO Type</Name>
                <AD_Language>es_CO</AD_Language>
                <IsActive>Y</IsActive>
                <IsTranslated>N</IsTranslated>
            </AD_PrintFormatItem_Trl>
        </AD_PrintFormatItem>
        <AD_PrintFormatItem type="table">
            <AD_Org_ID>@AD_Org_ID@</AD_Org_ID>
            <SeqNo>50</SeqNo>
            <Name>Tax</Name>
            <IsNextLine>N</IsNextLine>
            <AD_PrintFormatChild_ID reference="id"/>
            <PrintName>Tax</PrintName>
            <YSpace>0</YSpace>
            <SortNo>10</SortNo>
            <AD_Column_ID reference="uuid" reference-key="AD_Column">4c90b780-c913-4aa5-8e7e-d0e449d7ec2c</AD_Column_ID>
            <IsPageBreak>N</IsPageBreak>
            <IsRelativePosition>Y</IsRelativePosition>
            <MaxWidth>0</MaxWidth>
            <IsSummarized>N</IsSummarized>
            <YPosition>0</YPosition>
            <AD_PrintColor_ID reference="id"/>
            <AD_PrintFormat_ID reference="uuid" reference-key="AD_PrintFormat">5f4b2ce8-e4e5-406a-bee0-ee6730961fdc</AD_PrintFormat_ID>
            <XSpace>0</XSpace>
            <AD_PrintFont_ID reference="id"/>
            <IsActive>Y</IsActive>
            <IsHeightOneLine>N</IsHeightOneLine>
            <MaxHeight>0</MaxHeight>
            <XPosition>0</XPosition>
            <FieldAlignmentType>L</FieldAlignmentType>
            <IsPrinted>Y</IsPrinted>
            <IsOrderBy>Y</IsOrderBy>
            <IsGroupBy>N</IsGroupBy>
            <LineAlignmentType>X</LineAlignmentType>
            <PrintFormatType>F</PrintFormatType>
            <PrintAreaType>C</PrintAreaType>
            <ImageURL/>
            <ImageIsAttached>N</ImageIsAttached>
            <IsCounted>N</IsCounted>
            <IsAveraged>N</IsAveraged>
            <IsSuppressNull>N</IsSuppressNull>
            <IsSetNLPosition>N</IsSetNLPosition>
            <BelowColumn/>
            <AD_PrintGraph_ID reference="id"/>
            <IsNextPage>N</IsNextPage>
            <IsFixedWidth>N</IsFixedWidth>
            <PrintNameSuffix/>
            <IsMaxCalc>N</IsMaxCalc>
            <RunningTotalLines/>
            <IsRunningTotal>N</IsRunningTotal>
            <IsMinCalc>N</IsMinCalc>
            <IsVarianceCalc>N</IsVarianceCalc>
            <IsDeviationCalc>N</IsDeviationCalc>
            <IsFilledRectangle>N</IsFilledRectangle>
            <LineWidth>1</LineWidth>
            <ArcDiameter>0</ArcDiameter>
            <ShapeType>N</ShapeType>
            <IsCentrallyMaintained>Y</IsCentrallyMaintained>
            <IsImageField>N</IsImageField>
            <BarcodeType/>
            <FormatPattern/>
            <IsSuppressRepeats>N</IsSuppressRepeats>
            <AD_PrintFormatItem_UU>63dbb907-82b9-493e-bde0-180ec94f4a20</AD_PrintFormatItem_UU>
            <IsDesc>N</IsDesc>
            <AD_PrintFormatItem_Trl type="translation">
                <PrintName>Tax</PrintName>
                <PrintNameSuffix/>
                <Name>Tax</Name>
                <AD_Language>es_CO</AD_Language>
                <IsActive>Y</IsActive>
                <IsTranslated>N</IsTranslated>
            </AD_PrintFormatItem_Trl>
        </AD_PrintFormatItem>
        <AD_PrintFormatItem type="table">
            <AD_Org_ID>@AD_Org_ID@</AD_Org_ID>
            <SeqNo>60</SeqNo>
            <Name>Country</Name>
            <IsNextLine>N</IsNextLine>
            <AD_PrintFormatChild_ID reference="id"/>
            <PrintName>Country</PrintName>
            <YSpace>0</YSpace>
            <SortNo>20</SortNo>
            <AD_Column_ID reference="uuid" reference-key="AD_Column">42df3186-d907-4727-a69d-3807a08f14a3</AD_Column_ID>
            <IsPageBreak>N</IsPageBreak>
            <IsRelativePosition>Y</IsRelativePosition>
            <MaxWidth>0</MaxWidth>
            <IsSummarized>N</IsSummarized>
            <YPosition>0</YPosition>
            <AD_PrintColor_ID reference="id"/>
            <AD_PrintFormat_ID reference="uuid" reference-key="AD_PrintFormat">5f4b2ce8-e4e5-406a-bee0-ee6730961fdc</AD_PrintFormat_ID>
            <XSpace>0</XSpace>
            <AD_PrintFont_ID reference="id"/>
            <IsActive>Y</IsActive>
            <IsHeightOneLine>N</IsHeightOneLine>
            <MaxHeight>0</MaxHeight>
            <XPosition>0</XPosition>
            <FieldAlignmentType>L</FieldAlignmentType>
            <IsPrinted>Y</IsPrinted>
            <IsOrderBy>Y</IsOrderBy>
            <IsGroupBy>N</IsGroupBy>
            <LineAlignmentType>X</LineAlignmentType>
            <PrintFormatType>F</PrintFormatType>
            <PrintAreaType>C</PrintAreaType>
            <ImageURL/>
            <ImageIsAttached>N</ImageIsAttached>
            <IsCounted>N</IsCounted>
            <IsAveraged>N</IsAveraged>
            <IsSuppressNull>N</IsSuppressNull>
            <IsSetNLPosition>N</IsSetNLPosition>
            <BelowColumn/>
            <AD_PrintGraph_ID reference="id"/>
            <IsNextPage>N</IsNextPage>
            <IsFixedWidth>N</IsFixedWidth>
            <PrintNameSuffix/>
            <IsMaxCalc>N</IsMaxCalc>
            <RunningTotalLines/>
            <IsRunningTotal>N</IsRunningTotal>
            <IsMinCalc>N</IsMinCalc>
            <IsVarianceCalc>N</IsVarianceCalc>
            <IsDeviationCalc>N</IsDeviationCalc>
            <IsFilledRectangle>N</IsFilledRectangle>
            <LineWidth>1</LineWidth>
            <ArcDiameter>0</ArcDiameter>
            <ShapeType>N</ShapeType>
            <IsCentrallyMaintained>Y</IsCentrallyMaintained>
            <IsImageField>N</IsImageField>
            <BarcodeType/>
            <FormatPattern/>
            <IsSuppressRepeats>N</IsSuppressRepeats>
            <AD_PrintFormatItem_UU>e7df76e5-ad44-4024-a97f-f45ead7de137</AD_PrintFormatItem_UU>
            <IsDesc>N</IsDesc>
            <AD_PrintFormatItem_Trl type="translation">
                <PrintName>Country</PrintName>
                <PrintNameSuffix/>
                <Name>Country</Name>
                <AD_Language>es_CO</AD_Language>
                <IsActive>Y</IsActive>
                <IsTranslated>N</IsTranslated>
            </AD_PrintFormatItem_Trl>
        </AD_PrintFormatItem>
        <AD_PrintFormatItem type="table">
            <AD_Org_ID>@AD_Org_ID@</AD_Org_ID>
            <SeqNo>70</SeqNo>
            <Name>Tax Amount</Name>
            <IsNextLine>N</IsNextLine>
            <AD_PrintFormatChild_ID reference="id"/>
            <PrintName>Tax Amount</PrintName>
            <YSpace>0</YSpace>
            <SortNo>0</SortNo>
            <AD_Column_ID reference="uuid" reference-key="AD_Column">fdccf889-3de3-400a-a37f-5b4326a92557</AD_Column_ID>
            <IsPageBreak>N</IsPageBreak>
            <IsRelativePosition>Y</IsRelativePosition>
            <MaxWidth>0</MaxWidth>
            <IsSummarized>Y</IsSummarized>
            <YPosition>0</YPosition>
            <AD_PrintColor_ID reference="id"/>
            <AD_PrintFormat_ID reference="uuid" reference-key="AD_PrintFormat">5f4b2ce8-e4e5-406a-bee0-ee6730961fdc</AD_PrintFormat_ID>
            <XSpace>0</XSpace>
            <AD_PrintFont_ID reference="id"/>
            <IsActive>Y</IsActive>
            <IsHeightOneLine>N</IsHeightOneLine>
            <MaxHeight>0</MaxHeight>
            <XPosition>0</XPosition>
            <FieldAlignmentType>T</FieldAlignmentType>
            <IsPrinted>Y</IsPrinted>
            <IsOrderBy>N</IsOrderBy>
            <IsGroupBy>N</IsGroupBy>
            <LineAlignmentType>X</LineAlignmentType>
            <PrintFormatType>F</PrintFormatType>
            <PrintAreaType>C</PrintAreaType>
            <ImageURL/>
            <ImageIsAttached>N</ImageIsAttached>
            <IsCounted>N</IsCounted>
            <IsAveraged>N</IsAveraged>
            <IsSuppressNull>N</IsSuppressNull>
            <IsSetNLPosition>N</IsSetNLPosition>
            <BelowColumn/>
            <AD_PrintGraph_ID reference="id"/>
            <IsNextPage>N</IsNextPage>
            <IsFixedWidth>N</IsFixedWidth>
            <PrintNameSuffix/>
            <IsMaxCalc>N</IsMaxCalc>
            <RunningTotalLines/>
            <IsRunningTotal>N</IsRunningTotal>
            <IsMinCalc>N</IsMinCalc>
            <IsVarianceCalc>N</IsVarianceCalc>
            <IsDeviationCalc>N</IsDeviationCalc>
            <IsFilledRectangle>N</IsFilledRectangle>
            <LineWidth>1</LineWidth>
            <ArcDiameter>0</ArcDiameter>
            <ShapeType>N</ShapeType>
            <IsCentrallyMaintained>Y</IsCentrallyMaintained>
            <IsImageField>N</IsImageField>
            <BarcodeType/>
            <FormatPattern/>
            <IsSuppressRepeats>N</IsSuppressRepeats>
            <AD_PrintFormatItem_UU>78de4162-bcc5-4077-9634-62432d5548c6</AD_PrintFormatItem_UU>
            <IsDesc>N</IsDesc>
            <AD_PrintFormatItem_Trl type="translation">
                <PrintName>Tax</PrintName>
                <PrintNameSuffix/>
                <Name>Tax Amount</Name>
                <AD_Language>es_CO</AD_Language>
                <IsActive>Y</IsActive>
                <IsTranslated>N</IsTranslated>
            </AD_PrintFormatItem_Trl>
        </AD_PrintFormatItem>
        <AD_PrintFormatItem type="table">
            <AD_Org_ID>@AD_Org_ID@</AD_Org_ID>
            <SeqNo>80</SeqNo>
            <Name>Tax Filing</Name>
            <IsNextLine>N</IsNextLine>
            <AD_PrintFormatChild_ID reference="id"/>
            <PrintName>Tax Filing</PrintName>
            <YSpace>0</YSpace>
            <SortNo>0</SortNo>
            <AD_Column_ID reference="uuid" reference-key="AD_Column">044479dd-7e57-41e7-87c5-3da30f8cff60</AD_Column_ID>
            <IsPageBreak>N</IsPageBreak>
            <IsRelativePosition>Y</IsRelativePosition>
            <MaxWidth>0</MaxWidth>
            <IsSummarized>N</IsSummarized>
            <YPosition>0</YPosition>
            <AD_PrintColor_ID reference="id"/>
            <AD_PrintFormat_ID reference="uuid" reference-key="AD_PrintFormat">5f4b2ce8-e4e5-406a-bee0-ee6730961fdc</AD_PrintFormat_ID>
            <XSpace>0</XSpace>
            <AD_PrintFont_ID reference="id"/>
            <IsActive>Y</IsActive>
            <IsHeightOneLine>N</IsHeightOneLine>
            <MaxHeight>0</MaxHeight>
            <XPosition>0</XPosition>
            <FieldAlignmentType>L</FieldAlignmentType>
            <IsPrinted>N</IsPrinted>
            <IsOrderBy>N</IsOrderBy>
            <IsGroupBy>N</IsGroupBy>
            <LineAlignmentType>X</LineAlignmentType>
            <PrintFormatType>F</PrintFormatType>
            <PrintAreaType>C</PrintAreaType>
            <ImageURL/>
            <ImageIsAttached>N</ImageIsAttached>
            <IsCounted>N</IsCounted>
            <IsAveraged>N</IsAveraged>
            <IsSuppressNull>N</IsSuppressNull>
            <IsSetNLPosition>N</IsSetNLPosition>
            <BelowColumn/>
            <AD_PrintGraph_ID reference="id"/>
            <IsNextPage>N</IsNextPage>
            <IsFixedWidth>N</IsFixedWidth>
            <PrintNameSuffix/>
            <IsMaxCalc>N</IsMaxCalc>
            <RunningTotalLines/>
            <IsRunningTotal>N</IsRunningTotal>
            <IsMinCalc>N</IsMinCalc>
            <IsVarianceCalc>N</IsVarianceCalc>
            <IsDeviationCalc>N</IsDeviationCalc>
            <IsFilledRectangle>N</IsFilledRectangle>
            <LineWidth>1</LineWidth>
            <ArcDiameter>0</ArcDiameter>
            <ShapeType>N</ShapeType>
            <IsCentrallyMaintained>Y</IsCentrallyMaintained>
            <IsImageField>N</IsImageField>
            <BarcodeType/>
            <FormatPattern/>
            <IsSuppressRepeats>N</IsSuppressRepeats>
            <AD_PrintFormatItem_UU>7f627467-2318-4ee0-88f7-d364f26f7a47</AD_PrintFormatItem_UU>
            <IsDesc>N</IsDesc>
            <AD_PrintFormatItem_Trl type="translation">
                <PrintName>Tax Filing</PrintName>
                <PrintNameSuffix/>
                <Name>Tax Filing</Name>
                <AD_Language>es_CO</AD_Language>
                <IsActive>Y</IsActive>
                <IsTranslated>N</IsTranslated>
            </AD_PrintFormatItem_Trl>
        </AD_PrintFormatItem>
        <AD_PrintFormatItem type="table">
            <AD_Org_ID>@AD_Org_ID@</AD_Org_ID>
            <SeqNo>80</SeqNo>
            <Name>Tax base Amount</Name>
            <IsNextLine>N</IsNextLine>
            <AD_PrintFormatChild_ID reference="id"/>
            <PrintName>Tax base Amt</PrintName>
            <YSpace>0</YSpace>
            <SortNo>0</SortNo>
            <AD_Column_ID reference="uuid" reference-key="AD_Column">4c4df314-e23b-4a14-81d2-7e78f059491f</AD_Column_ID>
            <IsPageBreak>N</IsPageBreak>
            <IsRelativePosition>Y</IsRelativePosition>
            <MaxWidth>0</MaxWidth>
            <IsSummarized>Y</IsSummarized>
            <YPosition>0</YPosition>
            <AD_PrintColor_ID reference="id"/>
            <AD_PrintFormat_ID reference="uuid" reference-key="AD_PrintFormat">5f4b2ce8-e4e5-406a-bee0-ee6730961fdc</AD_PrintFormat_ID>
            <XSpace>0</XSpace>
            <AD_PrintFont_ID reference="id"/>
            <IsActive>Y</IsActive>
            <IsHeightOneLine>N</IsHeightOneLine>
            <MaxHeight>0</MaxHeight>
            <XPosition>0</XPosition>
            <FieldAlignmentType>T</FieldAlignmentType>
            <IsPrinted>Y</IsPrinted>
            <IsOrderBy>N</IsOrderBy>
            <IsGroupBy>N</IsGroupBy>
            <LineAlignmentType>X</LineAlignmentType>
            <PrintFormatType>F</PrintFormatType>
            <PrintAreaType>C</PrintAreaType>
            <ImageURL/>
            <ImageIsAttached>N</ImageIsAttached>
            <IsCounted>N</IsCounted>
            <IsAveraged>N</IsAveraged>
            <IsSuppressNull>N</IsSuppressNull>
            <IsSetNLPosition>N</IsSetNLPosition>
            <BelowColumn/>
            <AD_PrintGraph_ID reference="id"/>
            <IsNextPage>N</IsNextPage>
            <IsFixedWidth>N</IsFixedWidth>
            <PrintNameSuffix/>
            <IsMaxCalc>N</IsMaxCalc>
            <RunningTotalLines/>
            <IsRunningTotal>N</IsRunningTotal>
            <IsMinCalc>N</IsMinCalc>
            <IsVarianceCalc>N</IsVarianceCalc>
            <IsDeviationCalc>N</IsDeviationCalc>
            <IsFilledRectangle>N</IsFilledRectangle>
            <LineWidth>1</LineWidth>
            <ArcDiameter>0</ArcDiameter>
            <ShapeType>N</ShapeType>
            <IsCentrallyMaintained>Y</IsCentrallyMaintained>
            <IsImageField>N</IsImageField>
            <BarcodeType/>
            <FormatPattern/>
            <IsSuppressRepeats>N</IsSuppressRepeats>
            <AD_PrintFormatItem_UU>5e598177-1e79-486e-8c1e-9feeef2926e4</AD_PrintFormatItem_UU>
            <IsDesc>N</IsDesc>
            <AD_PrintFormatItem_Trl type="translation">
                <PrintName>Tax base Amt</PrintName>
                <PrintNameSuffix/>
                <Name>Tax base Amount</Name>
                <AD_Language>es_CO</AD_Language>
                <IsActive>Y</IsActive>
                <IsTranslated>N</IsTranslated>
            </AD_PrintFormatItem_Trl>
        </AD_PrintFormatItem>
    </AD_PrintFormat>
</idempiere>
