<?xml version="1.0" encoding="UTF-8"?><idempiere Name="AccountElement" Version="1.0" idempiereVersion="" DataBaseVersion="" Description="" Author="" AuthorEmail="gaurav@designershaik.com" CreatedDate="2016-11-13 17:36:01.076" UpdatedDate="2016-11-13 17:36:01.076" PackOutVersion="100" UpdateDictionary="false" Client="0-SYSTEM-System" AD_Client_UU="11237b53-9592-4af1-b3c5-afd216514b5d">
    <AD_TableIndex type="table">
        <AD_TableIndex_ID>200425</AD_TableIndex_ID>
        <AD_Client_ID>0</AD_Client_ID>
        <AD_Org_ID>0</AD_Org_ID>
        <AD_TableIndex_ID>200425</AD_TableIndex_ID>
        <AD_TableIndex_UU>f85e7b2a-a530-40b0-8ae5-3f97a740a169</AD_TableIndex_UU>
        <Description/>
        <EntityType>D</EntityType>
        <IsActive>Y</IsActive>
        <Name>c_element_name</Name>
        <AD_Table_ID reference="id">142</AD_Table_ID>
        <Help/>
        <IsCreateConstraint>N</IsCreateConstraint>
        <IsUnique>Y</IsUnique>
        <Processing>N</Processing>
        <AD_Message_ID reference="id"/>
        <TableIndexDrop/>
        <IsKey>N</IsKey>
        <AD_IndexColumn type="table">
            <AD_IndexColumn_ID>200486</AD_IndexColumn_ID>
            <AD_Client_ID>0</AD_Client_ID>
            <AD_Org_ID>0</AD_Org_ID>
            <AD_IndexColumn_ID>200486</AD_IndexColumn_ID>
            <AD_IndexColumn_UU>ab3cb440-6e60-4993-8f3e-0bd8aed837fc</AD_IndexColumn_UU>
            <EntityType>D</EntityType>
            <IsActive>Y</IsActive>
            <AD_Column_ID reference="id">799</AD_Column_ID>
            <AD_TableIndex_ID reference="id">200425</AD_TableIndex_ID>
            <ColumnSQL/>
            <SeqNo>1</SeqNo>
        </AD_IndexColumn>
        <AD_IndexColumn type="table">
            <AD_IndexColumn_ID>200487</AD_IndexColumn_ID>
            <AD_Client_ID>0</AD_Client_ID>
            <AD_Org_ID>0</AD_Org_ID>
            <AD_IndexColumn_ID>200487</AD_IndexColumn_ID>
            <AD_IndexColumn_UU>2dc86e30-12ff-40c2-9e2f-aa4ee0ba2435</AD_IndexColumn_UU>
            <EntityType>D</EntityType>
            <IsActive>Y</IsActive>
            <AD_Column_ID reference="id">466</AD_Column_ID>
            <AD_TableIndex_ID reference="id">200425</AD_TableIndex_ID>
            <ColumnSQL/>
            <SeqNo>2</SeqNo>
        </AD_IndexColumn>
    </AD_TableIndex>
    <AD_TableIndex type="table">
        <AD_TableIndex_ID>200426</AD_TableIndex_ID>
        <AD_Client_ID>0</AD_Client_ID>
        <AD_Org_ID>0</AD_Org_ID>
        <AD_TableIndex_ID>200426</AD_TableIndex_ID>
        <AD_TableIndex_UU>48600a15-7ad1-45be-9c52-d40c407ff216</AD_TableIndex_UU>
        <Description/>
        <EntityType>D</EntityType>
        <IsActive>Y</IsActive>
        <Name>c_element_uu_idx</Name>
        <AD_Table_ID reference="id">142</AD_Table_ID>
        <Help/>
        <IsCreateConstraint>N</IsCreateConstraint>
        <IsUnique>Y</IsUnique>
        <Processing>N</Processing>
        <AD_Message_ID reference="id"/>
        <TableIndexDrop/>
        <IsKey>N</IsKey>
        <AD_IndexColumn type="table">
            <AD_IndexColumn_ID>200488</AD_IndexColumn_ID>
            <AD_Client_ID>0</AD_Client_ID>
            <AD_Org_ID>0</AD_Org_ID>
            <AD_IndexColumn_ID>200488</AD_IndexColumn_ID>
            <AD_IndexColumn_UU>eafed15c-18e5-469a-bf68-657cdaf518b0</AD_IndexColumn_UU>
            <EntityType>D</EntityType>
            <IsActive>Y</IsActive>
            <AD_Column_ID reference="id">60656</AD_Column_ID>
            <AD_TableIndex_ID reference="id">200426</AD_TableIndex_ID>
            <ColumnSQL/>
            <SeqNo>1</SeqNo>
        </AD_IndexColumn>
    </AD_TableIndex>
    <AD_Element type="table">
        <AD_Client_ID>0</AD_Client_ID>
        <AD_Org_ID>0</AD_Org_ID>
        <IsActive>Y</IsActive>
        <ColumnName>DS_CCRCRequired</ColumnName>
        <Name>Cost Center Revenue code required</Name>
        <Description>Cost center and revenue codes are required for this account while creating PO or Invoice</Description>
        <Help/>
        <PrintName>Cost Center Revenue code required</PrintName>
        <PO_Description/>
        <PO_Help/>
        <PO_Name/>
        <PO_PrintName/>
        <EntityType>U</EntityType>
        <AD_Element_UU>e2fba4a9-ba9b-4551-906b-9cb3ea90a3d0</AD_Element_UU>
        <AD_Element_Trl type="translation">
            <Help/>
            <PO_Description/>
            <PO_Help/>
            <Name>Cost Center Revenue code required</Name>
            <Description>Cost center and revenue codes are required for this account while creating PO or Invoice</Description>
            <PrintName>Cost Center Revenue code required</PrintName>
            <PO_Name/>
            <PO_PrintName/>
            <AD_Language>es_CO</AD_Language>
            <IsActive>Y</IsActive>
            <IsTranslated>N</IsTranslated>
        </AD_Element_Trl>
    </AD_Element>
    <AD_Column type="table">
        <IsSyncDatabase>Y</IsSyncDatabase>
        <AD_Table_ID reference="id">188</AD_Table_ID>
        <AD_Reference_Value_ID reference="id"/>
        <AD_Client_ID>0</AD_Client_ID>
        <AD_Org_ID>0</AD_Org_ID>
        <Version>0</Version>
        <Name>Cost Center Revenue code required</Name>
        <Description>Cost center and revenue codes are required for this account while creating PO or Invoice</Description>
        <Help/>
        <AD_Val_Rule_ID reference="id"/>
        <ColumnName>DS_CCRCRequired</ColumnName>
        <DefaultValue>N</DefaultValue>
        <FieldLength>1</FieldLength>
        <IsKey>N</IsKey>
        <IsParent>N</IsParent>
        <IsMandatory>N</IsMandatory>
        <IsTranslated>N</IsTranslated>
        <IsIdentifier>N</IsIdentifier>
        <SeqNo>0</SeqNo>
        <IsEncrypted>N</IsEncrypted>
        <AD_Reference_ID reference="id">20</AD_Reference_ID>
        <IsActive>Y</IsActive>
        <VFormat/>
        <Callout/>
        <AD_Element_ID reference="uuid" reference-key="AD_Element">e2fba4a9-ba9b-4551-906b-9cb3ea90a3d0</AD_Element_ID>
        <IsUpdateable>Y</IsUpdateable>
        <AD_Process_ID reference="id"/>
        <ValueMin/>
        <ValueMax/>
        <IsSelectionColumn>N</IsSelectionColumn>
        <ReadOnlyLogic/>
        <EntityType>U</EntityType>
        <IsAlwaysUpdateable>N</IsAlwaysUpdateable>
        <ColumnSQL/>
        <MandatoryLogic/>
        <IsAutocomplete>N</IsAutocomplete>
        <IsAllowLogging>Y</IsAllowLogging>
        <FormatPattern/>
        <AD_Chart_ID reference="id"/>
        <AD_Column_UU>66d02246-6837-4de4-9827-1ccc0f1494d0</AD_Column_UU>
        <IsAllowCopy>Y</IsAllowCopy>
        <SeqNoSelection>0</SeqNoSelection>
        <IsToolbarButton>N</IsToolbarButton>
        <IsSecure>N</IsSecure>
        <FKConstraintName/>
        <FKConstraintType>N</FKConstraintType>
    </AD_Column>
    <AD_TableIndex type="table">
        <AD_TableIndex_ID>200427</AD_TableIndex_ID>
        <AD_Client_ID>0</AD_Client_ID>
        <AD_Org_ID>0</AD_Org_ID>
        <AD_TableIndex_ID>200427</AD_TableIndex_ID>
        <AD_TableIndex_UU>f6830a4c-69e6-4e53-b09e-d954203993d2</AD_TableIndex_UU>
        <Description/>
        <EntityType>D</EntityType>
        <IsActive>Y</IsActive>
        <Name>c_elementvalue_name</Name>
        <AD_Table_ID reference="id">188</AD_Table_ID>
        <Help/>
        <IsCreateConstraint>N</IsCreateConstraint>
        <IsUnique>N</IsUnique>
        <Processing>N</Processing>
        <AD_Message_ID reference="id"/>
        <TableIndexDrop/>
        <IsKey>N</IsKey>
        <AD_IndexColumn type="table">
            <AD_IndexColumn_ID>200489</AD_IndexColumn_ID>
            <AD_Client_ID>0</AD_Client_ID>
            <AD_Org_ID>0</AD_Org_ID>
            <AD_IndexColumn_ID>200489</AD_IndexColumn_ID>
            <AD_IndexColumn_UU>b42975fc-cbe8-47e5-b3c7-8e8a1502f081</AD_IndexColumn_UU>
            <EntityType>D</EntityType>
            <IsActive>Y</IsActive>
            <AD_Column_ID reference="id">1135</AD_Column_ID>
            <AD_TableIndex_ID reference="id">200427</AD_TableIndex_ID>
            <ColumnSQL/>
            <SeqNo>1</SeqNo>
        </AD_IndexColumn>
    </AD_TableIndex>
    <AD_TableIndex type="table">
        <AD_TableIndex_ID>200428</AD_TableIndex_ID>
        <AD_Client_ID>0</AD_Client_ID>
        <AD_Org_ID>0</AD_Org_ID>
        <AD_TableIndex_ID>200428</AD_TableIndex_ID>
        <AD_TableIndex_UU>d2aafb76-0801-4b1f-aac2-1b6f4fdfb29f</AD_TableIndex_UU>
        <Description/>
        <EntityType>D</EntityType>
        <IsActive>Y</IsActive>
        <Name>c_elementvalue_value</Name>
        <AD_Table_ID reference="id">188</AD_Table_ID>
        <Help/>
        <IsCreateConstraint>N</IsCreateConstraint>
        <IsUnique>Y</IsUnique>
        <Processing>N</Processing>
        <AD_Message_ID reference="id"/>
        <TableIndexDrop/>
        <IsKey>N</IsKey>
        <AD_IndexColumn type="table">
            <AD_IndexColumn_ID>200490</AD_IndexColumn_ID>
            <AD_Client_ID>0</AD_Client_ID>
            <AD_Org_ID>0</AD_Org_ID>
            <AD_IndexColumn_ID>200490</AD_IndexColumn_ID>
            <AD_IndexColumn_UU>d42b5eb9-8a6b-4459-be1d-1b09b70c3827</AD_IndexColumn_UU>
            <EntityType>D</EntityType>
            <IsActive>Y</IsActive>
            <AD_Column_ID reference="id">1137</AD_Column_ID>
            <AD_TableIndex_ID reference="id">200428</AD_TableIndex_ID>
            <ColumnSQL/>
            <SeqNo>1</SeqNo>
        </AD_IndexColumn>
        <AD_IndexColumn type="table">
            <AD_IndexColumn_ID>200491</AD_IndexColumn_ID>
            <AD_Client_ID>0</AD_Client_ID>
            <AD_Org_ID>0</AD_Org_ID>
            <AD_IndexColumn_ID>200491</AD_IndexColumn_ID>
            <AD_IndexColumn_UU>036325fe-439f-4fbb-96c0-0be1f0fc4a22</AD_IndexColumn_UU>
            <EntityType>D</EntityType>
            <IsActive>Y</IsActive>
            <AD_Column_ID reference="id">1234</AD_Column_ID>
            <AD_TableIndex_ID reference="id">200428</AD_TableIndex_ID>
            <ColumnSQL/>
            <SeqNo>2</SeqNo>
        </AD_IndexColumn>
    </AD_TableIndex>
    <AD_TableIndex type="table">
        <AD_TableIndex_ID>200429</AD_TableIndex_ID>
        <AD_Client_ID>0</AD_Client_ID>
        <AD_Org_ID>0</AD_Org_ID>
        <AD_TableIndex_ID>200429</AD_TableIndex_ID>
        <AD_TableIndex_UU>7d788421-145b-4f57-936f-96d44c5ef499</AD_TableIndex_UU>
        <Description/>
        <EntityType>D</EntityType>
        <IsActive>Y</IsActive>
        <Name>c_elementvalue_uu_idx</Name>
        <AD_Table_ID reference="id">188</AD_Table_ID>
        <Help/>
        <IsCreateConstraint>N</IsCreateConstraint>
        <IsUnique>Y</IsUnique>
        <Processing>N</Processing>
        <AD_Message_ID reference="id"/>
        <TableIndexDrop/>
        <IsKey>N</IsKey>
        <AD_IndexColumn type="table">
            <AD_IndexColumn_ID>200492</AD_IndexColumn_ID>
            <AD_Client_ID>0</AD_Client_ID>
            <AD_Org_ID>0</AD_Org_ID>
            <AD_IndexColumn_ID>200492</AD_IndexColumn_ID>
            <AD_IndexColumn_UU>70ab02bc-3c07-4c85-8196-7b4da4ecd686</AD_IndexColumn_UU>
            <EntityType>D</EntityType>
            <IsActive>Y</IsActive>
            <AD_Column_ID reference="id">60657</AD_Column_ID>
            <AD_TableIndex_ID reference="id">200429</AD_TableIndex_ID>
            <ColumnSQL/>
            <SeqNo>1</SeqNo>
        </AD_IndexColumn>
    </AD_TableIndex>
    <AD_Field type="table">
        <AD_Client_ID>0</AD_Client_ID>
        <AD_Org_ID>0</AD_Org_ID>
        <Name>Cost Center Revenue code required</Name>
        <Description>Cost center and revenue codes are required for this account while creating PO or Invoice</Description>
        <Help/>
        <AD_Tab_ID reference="id">132</AD_Tab_ID>
        <AD_Column_ID reference="uuid" reference-key="AD_Column">66d02246-6837-4de4-9827-1ccc0f1494d0</AD_Column_ID>
        <IsDisplayed>Y</IsDisplayed>
        <DisplayLogic/>
        <DisplayLength>1</DisplayLength>
        <SeqNo>220</SeqNo>
        <SortNo/>
        <IsSameLine>N</IsSameLine>
        <IsHeading>N</IsHeading>
        <IsFieldOnly>N</IsFieldOnly>
        <IsEncrypted>N</IsEncrypted>
        <IsActive>Y</IsActive>
        <IsReadOnly>N</IsReadOnly>
        <IsCentrallyMaintained>Y</IsCentrallyMaintained>
        <AD_FieldGroup_ID reference="id"/>
        <EntityType>U</EntityType>
        <ObscureType/>
        <AD_Reference_ID reference="id"/>
        <IsMandatory/>
        <DefaultValue/>
        <AD_Reference_Value_ID reference="id"/>
        <AD_Val_Rule_ID reference="id"/>
        <Included_Tab_ID reference="id"/>
        <AD_Field_UU>57c8dbdf-0694-40f1-add6-8255af9114d0</AD_Field_UU>
        <IsAllowCopy/>
        <IsDisplayedGrid>Y</IsDisplayedGrid>
        <SeqNoGrid>210</SeqNoGrid>
        <XPosition>5</XPosition>
        <ColumnSpan>2</ColumnSpan>
        <NumLines>1</NumLines>
        <IsQuickEntry>N</IsQuickEntry>
        <IsUpdateable/>
        <IsAlwaysUpdateable/>
        <MandatoryLogic/>
        <ReadOnlyLogic/>
        <IsToolbarButton/>
        <IsDefaultFocus>N</IsDefaultFocus>
        <IsAdvancedField>N</IsAdvancedField>
        <AD_Field_Trl type="translation">
            <Help/>
            <Description>Cost center and revenue codes are required for this account while creating PO or Invoice</Description>
            <Name>Cost Center Revenue code required</Name>
            <AD_Language>es_CO</AD_Language>
            <IsActive>Y</IsActive>
            <IsTranslated>N</IsTranslated>
        </AD_Field_Trl>
    </AD_Field>
    <AD_TableIndex type="table">
        <AD_TableIndex_ID>200430</AD_TableIndex_ID>
        <AD_Client_ID>0</AD_Client_ID>
        <AD_Org_ID>0</AD_Org_ID>
        <AD_TableIndex_ID>200430</AD_TableIndex_ID>
        <AD_TableIndex_UU>71b4e6d7-363a-4a04-a687-1c38cc0c1628</AD_TableIndex_UU>
        <Description/>
        <EntityType>D</EntityType>
        <IsActive>Y</IsActive>
        <Name>c_elementvalue_trl_uu_idx</Name>
        <AD_Table_ID reference="id">302</AD_Table_ID>
        <Help/>
        <IsCreateConstraint>N</IsCreateConstraint>
        <IsUnique>Y</IsUnique>
        <Processing>N</Processing>
        <AD_Message_ID reference="id"/>
        <TableIndexDrop/>
        <IsKey>N</IsKey>
        <AD_IndexColumn type="table">
            <AD_IndexColumn_ID>200493</AD_IndexColumn_ID>
            <AD_Client_ID>0</AD_Client_ID>
            <AD_Org_ID>0</AD_Org_ID>
            <AD_IndexColumn_ID>200493</AD_IndexColumn_ID>
            <AD_IndexColumn_UU>50d4d01a-6edb-417b-bb9a-b1d151d6b09b</AD_IndexColumn_UU>
            <EntityType>D</EntityType>
            <IsActive>Y</IsActive>
            <AD_Column_ID reference="id">60658</AD_Column_ID>
            <AD_TableIndex_ID reference="id">200430</AD_TableIndex_ID>
            <ColumnSQL/>
            <SeqNo>1</SeqNo>
        </AD_IndexColumn>
    </AD_TableIndex>
    <AD_TableIndex type="table">
        <AD_TableIndex_ID>200535</AD_TableIndex_ID>
        <AD_Client_ID>0</AD_Client_ID>
        <AD_Org_ID>0</AD_Org_ID>
        <AD_TableIndex_ID>200535</AD_TableIndex_ID>
        <AD_TableIndex_UU>a90a33da-e317-493d-8362-b0d8d72369ca</AD_TableIndex_UU>
        <Description/>
        <EntityType>D</EntityType>
        <IsActive>Y</IsActive>
        <Name>c_subacct_uu_idx</Name>
        <AD_Table_ID reference="id">825</AD_Table_ID>
        <Help/>
        <IsCreateConstraint>N</IsCreateConstraint>
        <IsUnique>Y</IsUnique>
        <Processing>N</Processing>
        <AD_Message_ID reference="id"/>
        <TableIndexDrop/>
        <IsKey>N</IsKey>
        <AD_IndexColumn type="table">
            <AD_IndexColumn_ID>200624</AD_IndexColumn_ID>
            <AD_Client_ID>0</AD_Client_ID>
            <AD_Org_ID>0</AD_Org_ID>
            <AD_IndexColumn_ID>200624</AD_IndexColumn_ID>
            <AD_IndexColumn_UU>b441996e-aec0-41cf-9991-eb3decbc2a90</AD_IndexColumn_UU>
            <EntityType>D</EntityType>
            <IsActive>Y</IsActive>
            <AD_Column_ID reference="id">60764</AD_Column_ID>
            <AD_TableIndex_ID reference="id">200535</AD_TableIndex_ID>
            <ColumnSQL/>
            <SeqNo>1</SeqNo>
        </AD_IndexColumn>
    </AD_TableIndex>
    <AD_Message type="table">
        <AD_Client_ID>0</AD_Client_ID>
        <AD_Org_ID>0</AD_Org_ID>
        <MsgType>E</MsgType>
        <MsgText>&lt;p&gt;Please enter cost center,profit center &amp;amp; revenue code.&lt;/p&gt;

&lt;p&gt;يرجى إدخال مركز التكلفة ومركز الربح ورموز الإيرادات.&lt;/p&gt;

&lt;p&gt;ദയവായി കോസ്റ്റ് സെന്റർ , പ്രോഫിറ്റ് സെന്റർ , റവന്യൂ കോഡ് എന്നിവ നിറക്കുക&lt;/p&gt;

&lt;p&gt;mangyaring ipasok cost center, profit center at kita codes.&lt;/p&gt;
</MsgText>
        <MsgTip/>
        <IsActive>Y</IsActive>
        <Value>DS_CostCenter_RevenueCode_ProfitCenter_Mandatory</Value>
        <EntityType>U</EntityType>
        <AD_Message_UU>29d11eb6-1aa1-48da-9d7e-15d930d100bc</AD_Message_UU>
        <AD_Message_Trl type="translation">
            <MsgText>കോസ്റ്റ് സെന്റർ ലാഭം കേന്ദ്രം നിർബന്ധമാണ്
Cost center at profit center ay sapilitan</MsgText>
            <MsgTip/>
            <AD_Language>es_CO</AD_Language>
            <IsActive>Y</IsActive>
            <IsTranslated>N</IsTranslated>
        </AD_Message_Trl>
    </AD_Message>
</idempiere>
