<?xml version="1.0" encoding="UTF-8"?><idempiere Name="B2B FILE TRANSFER PRINT FORMAT" Version="2.0" idempiereVersion="" DataBaseVersion="" Description="" Author="" AuthorEmail="gaurav.sontakke@gmail.com" CreatedDate="2016-10-23 17:08:03.343" UpdatedDate="2016-10-23 17:08:03.343" PackOutVersion="100" UpdateDictionary="false" Client="1000000-Designer Shaik Inc. W.L.L.-Designer Shaik Inc. W.L.L." AD_Client_UU="73d882a6-4524-4f53-8626-38ac5f0f6848">
    <AD_PrintPaper type="table">
        <AD_PrintPaper_ID>103</AD_PrintPaper_ID>
        <AD_Client_ID>0</AD_Client_ID>
        <AD_Org_ID>0</AD_Org_ID>
        <AD_PrintPaper_ID>103</AD_PrintPaper_ID>
        <Description>1/2 inch margin on all sides</Description>
        <Name>A4 Portrait</Name>
        <IsActive>Y</IsActive>
        <Code>iso-a4</Code>
        <IsLandscape>N</IsLandscape>
        <IsDefault>N</IsDefault>
        <MarginTop>36</MarginTop>
        <MarginRight>36</MarginRight>
        <MarginLeft>40</MarginLeft>
        <MarginBottom>36</MarginBottom>
        <Processing/>
        <SizeX/>
        <SizeY/>
        <DimensionUnits/>
        <AD_PrintPaper_UU>5f480d75-2158-4621-a6e8-ecd685e403a3</AD_PrintPaper_UU>
    </AD_PrintPaper>
    <AD_PrintFormat type="table">
        <AD_Org_ID>@AD_Org_ID@</AD_Org_ID>
        <IsTableBased>Y</IsTableBased>
        <IsActive>Y</IsActive>
        <IsStandardHeaderFooter>Y</IsStandardHeaderFooter>
        <AD_PrintFont_ID reference="id">130</AD_PrintFont_ID>
        <AD_Table_ID reference="uuid" reference-key="AD_Table">71204215-dd50-4d49-976e-ea0a4d76417c</AD_Table_ID>
        <IsForm>N</IsForm>
        <HeaderMargin>0</HeaderMargin>
        <AD_PrintColor_ID reference="id">100</AD_PrintColor_ID>
        <Name>Batch Line to Export Payments</Name>
        <CreateCopy/>
        <FooterMargin>0</FooterMargin>
        <AD_PrintPaper_ID reference="id">103</AD_PrintPaper_ID>
        <Description/>
        <AD_ReportView_ID reference="id"/>
        <AD_PrintTableFormat_ID reference="id"/>
        <PrinterName/>
        <IsDefault>N</IsDefault>
        <JasperProcess_ID reference="id"/>
        <Classname/>
        <Args/>
        <AD_PrintFormat_UU>620a6149-4650-487e-a958-a671d60bf9c0</AD_PrintFormat_UU>
        <AD_Window_ID reference="id"/>
        <AD_PrintFormat_Trl type="translation">
            <Name>Batch Line to Export Payments</Name>
            <Description/>
            <AD_Language>es_CO</AD_Language>
            <IsActive>Y</IsActive>
            <IsTranslated>N</IsTranslated>
        </AD_PrintFormat_Trl>
        <AD_PrintFormatItem type="table">
            <AD_Org_ID>@AD_Org_ID@</AD_Org_ID>
            <SeqNo>0</SeqNo>
            <Name>Batch for exporting payments to textfile</Name>
            <IsNextLine>N</IsNextLine>
            <AD_PrintFormatChild_ID reference="id"/>
            <PrintName>Batch for exporting payments to textfile</PrintName>
            <YSpace>0</YSpace>
            <SortNo>0</SortNo>
            <AD_Column_ID reference="uuid" reference-key="AD_Column">e3dc2a89-8c42-4aa8-bffb-ee426a2374f2</AD_Column_ID>
            <IsPageBreak>N</IsPageBreak>
            <IsRelativePosition>Y</IsRelativePosition>
            <MaxWidth>0</MaxWidth>
            <IsSummarized>N</IsSummarized>
            <YPosition>0</YPosition>
            <AD_PrintColor_ID reference="id"/>
            <AD_PrintFormat_ID reference="uuid" reference-key="AD_PrintFormat">620a6149-4650-487e-a958-a671d60bf9c0</AD_PrintFormat_ID>
            <XSpace>0</XSpace>
            <AD_PrintFont_ID reference="id"/>
            <IsActive>Y</IsActive>
            <IsHeightOneLine>N</IsHeightOneLine>
            <MaxHeight>0</MaxHeight>
            <XPosition>0</XPosition>
            <FieldAlignmentType>L</FieldAlignmentType>
            <IsPrinted>N</IsPrinted>
            <IsOrderBy>N</IsOrderBy>
            <IsGroupBy>N</IsGroupBy>
            <LineAlignmentType>X</LineAlignmentType>
            <PrintFormatType>F</PrintFormatType>
            <PrintAreaType>C</PrintAreaType>
            <ImageURL/>
            <ImageIsAttached>N</ImageIsAttached>
            <IsCounted>N</IsCounted>
            <IsAveraged>N</IsAveraged>
            <IsSuppressNull>N</IsSuppressNull>
            <IsSetNLPosition>N</IsSetNLPosition>
            <BelowColumn/>
            <AD_PrintGraph_ID reference="id"/>
            <IsNextPage>N</IsNextPage>
            <IsFixedWidth>N</IsFixedWidth>
            <PrintNameSuffix/>
            <IsMaxCalc>N</IsMaxCalc>
            <RunningTotalLines/>
            <IsRunningTotal>N</IsRunningTotal>
            <IsMinCalc>N</IsMinCalc>
            <IsVarianceCalc>N</IsVarianceCalc>
            <IsDeviationCalc>N</IsDeviationCalc>
            <IsFilledRectangle>N</IsFilledRectangle>
            <LineWidth>1</LineWidth>
            <ArcDiameter>0</ArcDiameter>
            <ShapeType>N</ShapeType>
            <IsCentrallyMaintained>Y</IsCentrallyMaintained>
            <IsImageField>N</IsImageField>
            <BarcodeType/>
            <FormatPattern/>
            <IsSuppressRepeats>N</IsSuppressRepeats>
            <AD_PrintFormatItem_UU>b01bc933-ba88-42c5-85e0-6792d72751d5</AD_PrintFormatItem_UU>
            <IsDesc>N</IsDesc>
            <AD_PrintFormatItem_Trl type="translation">
                <PrintName>Batch for exporting payments to textfile</PrintName>
                <PrintNameSuffix/>
                <Name>Batch for exporting payments to textfile</Name>
                <AD_Language>es_CO</AD_Language>
                <IsActive>Y</IsActive>
                <IsTranslated>N</IsTranslated>
            </AD_PrintFormatItem_Trl>
        </AD_PrintFormatItem>
        <AD_PrintFormatItem type="table">
            <AD_Org_ID>@AD_Org_ID@</AD_Org_ID>
            <SeqNo>0</SeqNo>
            <Name>Client</Name>
            <IsNextLine>N</IsNextLine>
            <AD_PrintFormatChild_ID reference="id"/>
            <PrintName>Client</PrintName>
            <YSpace>0</YSpace>
            <SortNo>0</SortNo>
            <AD_Column_ID reference="uuid" reference-key="AD_Column">9481de5a-801f-4d48-9521-70d4affeb31f</AD_Column_ID>
            <IsPageBreak>N</IsPageBreak>
            <IsRelativePosition>Y</IsRelativePosition>
            <MaxWidth>0</MaxWidth>
            <IsSummarized>N</IsSummarized>
            <YPosition>0</YPosition>
            <AD_PrintColor_ID reference="id"/>
            <AD_PrintFormat_ID reference="uuid" reference-key="AD_PrintFormat">620a6149-4650-487e-a958-a671d60bf9c0</AD_PrintFormat_ID>
            <XSpace>0</XSpace>
            <AD_PrintFont_ID reference="id"/>
            <IsActive>Y</IsActive>
            <IsHeightOneLine>N</IsHeightOneLine>
            <MaxHeight>0</MaxHeight>
            <XPosition>0</XPosition>
            <FieldAlignmentType>L</FieldAlignmentType>
            <IsPrinted>N</IsPrinted>
            <IsOrderBy>N</IsOrderBy>
            <IsGroupBy>N</IsGroupBy>
            <LineAlignmentType>X</LineAlignmentType>
            <PrintFormatType>F</PrintFormatType>
            <PrintAreaType>C</PrintAreaType>
            <ImageURL/>
            <ImageIsAttached>N</ImageIsAttached>
            <IsCounted>N</IsCounted>
            <IsAveraged>N</IsAveraged>
            <IsSuppressNull>N</IsSuppressNull>
            <IsSetNLPosition>N</IsSetNLPosition>
            <BelowColumn/>
            <AD_PrintGraph_ID reference="id"/>
            <IsNextPage>N</IsNextPage>
            <IsFixedWidth>N</IsFixedWidth>
            <PrintNameSuffix/>
            <IsMaxCalc>N</IsMaxCalc>
            <RunningTotalLines/>
            <IsRunningTotal>N</IsRunningTotal>
            <IsMinCalc>N</IsMinCalc>
            <IsVarianceCalc>N</IsVarianceCalc>
            <IsDeviationCalc>N</IsDeviationCalc>
            <IsFilledRectangle>N</IsFilledRectangle>
            <LineWidth>1</LineWidth>
            <ArcDiameter>0</ArcDiameter>
            <ShapeType>N</ShapeType>
            <IsCentrallyMaintained>Y</IsCentrallyMaintained>
            <IsImageField>N</IsImageField>
            <BarcodeType/>
            <FormatPattern/>
            <IsSuppressRepeats>N</IsSuppressRepeats>
            <AD_PrintFormatItem_UU>2e45d63b-2a94-4580-b4de-a946fbe77a96</AD_PrintFormatItem_UU>
            <IsDesc>N</IsDesc>
            <AD_PrintFormatItem_Trl type="translation">
                <PrintName>Client</PrintName>
                <PrintNameSuffix/>
                <Name>Client</Name>
                <AD_Language>es_CO</AD_Language>
                <IsActive>Y</IsActive>
                <IsTranslated>N</IsTranslated>
            </AD_PrintFormatItem_Trl>
        </AD_PrintFormatItem>
        <AD_PrintFormatItem type="table">
            <AD_Org_ID>@AD_Org_ID@</AD_Org_ID>
            <SeqNo>0</SeqNo>
            <Name>Organization</Name>
            <IsNextLine>N</IsNextLine>
            <AD_PrintFormatChild_ID reference="id"/>
            <PrintName>Organization</PrintName>
            <YSpace>0</YSpace>
            <SortNo>0</SortNo>
            <AD_Column_ID reference="uuid" reference-key="AD_Column">a6b6590d-0272-42fc-b08e-0a9cb39c3e70</AD_Column_ID>
            <IsPageBreak>N</IsPageBreak>
            <IsRelativePosition>Y</IsRelativePosition>
            <MaxWidth>0</MaxWidth>
            <IsSummarized>N</IsSummarized>
            <YPosition>0</YPosition>
            <AD_PrintColor_ID reference="id"/>
            <AD_PrintFormat_ID reference="uuid" reference-key="AD_PrintFormat">620a6149-4650-487e-a958-a671d60bf9c0</AD_PrintFormat_ID>
            <XSpace>0</XSpace>
            <AD_PrintFont_ID reference="id"/>
            <IsActive>Y</IsActive>
            <IsHeightOneLine>N</IsHeightOneLine>
            <MaxHeight>0</MaxHeight>
            <XPosition>0</XPosition>
            <FieldAlignmentType>L</FieldAlignmentType>
            <IsPrinted>N</IsPrinted>
            <IsOrderBy>N</IsOrderBy>
            <IsGroupBy>N</IsGroupBy>
            <LineAlignmentType>X</LineAlignmentType>
            <PrintFormatType>F</PrintFormatType>
            <PrintAreaType>C</PrintAreaType>
            <ImageURL/>
            <ImageIsAttached>N</ImageIsAttached>
            <IsCounted>N</IsCounted>
            <IsAveraged>N</IsAveraged>
            <IsSuppressNull>N</IsSuppressNull>
            <IsSetNLPosition>N</IsSetNLPosition>
            <BelowColumn/>
            <AD_PrintGraph_ID reference="id"/>
            <IsNextPage>N</IsNextPage>
            <IsFixedWidth>N</IsFixedWidth>
            <PrintNameSuffix/>
            <IsMaxCalc>N</IsMaxCalc>
            <RunningTotalLines/>
            <IsRunningTotal>N</IsRunningTotal>
            <IsMinCalc>N</IsMinCalc>
            <IsVarianceCalc>N</IsVarianceCalc>
            <IsDeviationCalc>N</IsDeviationCalc>
            <IsFilledRectangle>N</IsFilledRectangle>
            <LineWidth>1</LineWidth>
            <ArcDiameter>0</ArcDiameter>
            <ShapeType>N</ShapeType>
            <IsCentrallyMaintained>Y</IsCentrallyMaintained>
            <IsImageField>N</IsImageField>
            <BarcodeType/>
            <FormatPattern/>
            <IsSuppressRepeats>N</IsSuppressRepeats>
            <AD_PrintFormatItem_UU>b030217f-5fd5-49d3-9413-84d132a796ab</AD_PrintFormatItem_UU>
            <IsDesc>N</IsDesc>
            <AD_PrintFormatItem_Trl type="translation">
                <PrintName>Organization</PrintName>
                <PrintNameSuffix/>
                <Name>Organization</Name>
                <AD_Language>es_CO</AD_Language>
                <IsActive>Y</IsActive>
                <IsTranslated>N</IsTranslated>
            </AD_PrintFormatItem_Trl>
        </AD_PrintFormatItem>
        <AD_PrintFormatItem type="table">
            <AD_Org_ID>@AD_Org_ID@</AD_Org_ID>
            <SeqNo>0</SeqNo>
            <Name>Active</Name>
            <IsNextLine>N</IsNextLine>
            <AD_PrintFormatChild_ID reference="id"/>
            <PrintName>Active</PrintName>
            <YSpace>0</YSpace>
            <SortNo>0</SortNo>
            <AD_Column_ID reference="uuid" reference-key="AD_Column">310b39d3-9bd9-4288-b08e-95b13cf1e9bb</AD_Column_ID>
            <IsPageBreak>N</IsPageBreak>
            <IsRelativePosition>Y</IsRelativePosition>
            <MaxWidth>0</MaxWidth>
            <IsSummarized>N</IsSummarized>
            <YPosition>0</YPosition>
            <AD_PrintColor_ID reference="id"/>
            <AD_PrintFormat_ID reference="uuid" reference-key="AD_PrintFormat">620a6149-4650-487e-a958-a671d60bf9c0</AD_PrintFormat_ID>
            <XSpace>0</XSpace>
            <AD_PrintFont_ID reference="id"/>
            <IsActive>Y</IsActive>
            <IsHeightOneLine>N</IsHeightOneLine>
            <MaxHeight>0</MaxHeight>
            <XPosition>0</XPosition>
            <FieldAlignmentType>L</FieldAlignmentType>
            <IsPrinted>N</IsPrinted>
            <IsOrderBy>N</IsOrderBy>
            <IsGroupBy>N</IsGroupBy>
            <LineAlignmentType>X</LineAlignmentType>
            <PrintFormatType>F</PrintFormatType>
            <PrintAreaType>C</PrintAreaType>
            <ImageURL/>
            <ImageIsAttached>N</ImageIsAttached>
            <IsCounted>N</IsCounted>
            <IsAveraged>N</IsAveraged>
            <IsSuppressNull>N</IsSuppressNull>
            <IsSetNLPosition>N</IsSetNLPosition>
            <BelowColumn/>
            <AD_PrintGraph_ID reference="id"/>
            <IsNextPage>N</IsNextPage>
            <IsFixedWidth>N</IsFixedWidth>
            <PrintNameSuffix/>
            <IsMaxCalc>N</IsMaxCalc>
            <RunningTotalLines/>
            <IsRunningTotal>N</IsRunningTotal>
            <IsMinCalc>N</IsMinCalc>
            <IsVarianceCalc>N</IsVarianceCalc>
            <IsDeviationCalc>N</IsDeviationCalc>
            <IsFilledRectangle>N</IsFilledRectangle>
            <LineWidth>1</LineWidth>
            <ArcDiameter>0</ArcDiameter>
            <ShapeType>N</ShapeType>
            <IsCentrallyMaintained>Y</IsCentrallyMaintained>
            <IsImageField>N</IsImageField>
            <BarcodeType/>
            <FormatPattern/>
            <IsSuppressRepeats>N</IsSuppressRepeats>
            <AD_PrintFormatItem_UU>20ca3432-dee8-4847-8cd1-3ca2bf900165</AD_PrintFormatItem_UU>
            <IsDesc>N</IsDesc>
            <AD_PrintFormatItem_Trl type="translation">
                <PrintName>Active</PrintName>
                <PrintNameSuffix/>
                <Name>Active</Name>
                <AD_Language>es_CO</AD_Language>
                <IsActive>Y</IsActive>
                <IsTranslated>N</IsTranslated>
            </AD_PrintFormatItem_Trl>
        </AD_PrintFormatItem>
        <AD_PrintFormatItem type="table">
            <AD_Org_ID>@AD_Org_ID@</AD_Org_ID>
            <SeqNo>0</SeqNo>
            <Name>DSI_ExportPaymentsLine_UU</Name>
            <IsNextLine>N</IsNextLine>
            <AD_PrintFormatChild_ID reference="id"/>
            <PrintName>DSI_ExportPaymentsLine_UU</PrintName>
            <YSpace>0</YSpace>
            <SortNo>0</SortNo>
            <AD_Column_ID reference="uuid" reference-key="AD_Column">6b76f5fc-11dc-4757-a2aa-0c10d7ddae38</AD_Column_ID>
            <IsPageBreak>N</IsPageBreak>
            <IsRelativePosition>Y</IsRelativePosition>
            <MaxWidth>0</MaxWidth>
            <IsSummarized>N</IsSummarized>
            <YPosition>0</YPosition>
            <AD_PrintColor_ID reference="id"/>
            <AD_PrintFormat_ID reference="uuid" reference-key="AD_PrintFormat">620a6149-4650-487e-a958-a671d60bf9c0</AD_PrintFormat_ID>
            <XSpace>0</XSpace>
            <AD_PrintFont_ID reference="id"/>
            <IsActive>Y</IsActive>
            <IsHeightOneLine>N</IsHeightOneLine>
            <MaxHeight>0</MaxHeight>
            <XPosition>0</XPosition>
            <FieldAlignmentType>L</FieldAlignmentType>
            <IsPrinted>N</IsPrinted>
            <IsOrderBy>N</IsOrderBy>
            <IsGroupBy>N</IsGroupBy>
            <LineAlignmentType>X</LineAlignmentType>
            <PrintFormatType>F</PrintFormatType>
            <PrintAreaType>C</PrintAreaType>
            <ImageURL/>
            <ImageIsAttached>N</ImageIsAttached>
            <IsCounted>N</IsCounted>
            <IsAveraged>N</IsAveraged>
            <IsSuppressNull>N</IsSuppressNull>
            <IsSetNLPosition>N</IsSetNLPosition>
            <BelowColumn/>
            <AD_PrintGraph_ID reference="id"/>
            <IsNextPage>N</IsNextPage>
            <IsFixedWidth>N</IsFixedWidth>
            <PrintNameSuffix/>
            <IsMaxCalc>N</IsMaxCalc>
            <RunningTotalLines/>
            <IsRunningTotal>N</IsRunningTotal>
            <IsMinCalc>N</IsMinCalc>
            <IsVarianceCalc>N</IsVarianceCalc>
            <IsDeviationCalc>N</IsDeviationCalc>
            <IsFilledRectangle>N</IsFilledRectangle>
            <LineWidth>1</LineWidth>
            <ArcDiameter>0</ArcDiameter>
            <ShapeType>N</ShapeType>
            <IsCentrallyMaintained>Y</IsCentrallyMaintained>
            <IsImageField>N</IsImageField>
            <BarcodeType/>
            <FormatPattern/>
            <IsSuppressRepeats>N</IsSuppressRepeats>
            <AD_PrintFormatItem_UU>5bc5fe34-c82f-478e-9b51-226ec3274b28</AD_PrintFormatItem_UU>
            <IsDesc>N</IsDesc>
            <AD_PrintFormatItem_Trl type="translation">
                <PrintName>DSI_ExportPaymentsLine_UU</PrintName>
                <PrintNameSuffix/>
                <Name>DSI_ExportPaymentsLine_UU</Name>
                <AD_Language>es_CO</AD_Language>
                <IsActive>Y</IsActive>
                <IsTranslated>N</IsTranslated>
            </AD_PrintFormatItem_Trl>
        </AD_PrintFormatItem>
        <AD_PrintFormatItem type="table">
            <AD_Org_ID>@AD_Org_ID@</AD_Org_ID>
            <SeqNo>0</SeqNo>
            <Name>Batch Line to Export Payments</Name>
            <IsNextLine>N</IsNextLine>
            <AD_PrintFormatChild_ID reference="id"/>
            <PrintName>Batch Line to Export Payments</PrintName>
            <YSpace>0</YSpace>
            <SortNo>0</SortNo>
            <AD_Column_ID reference="uuid" reference-key="AD_Column">e9030e94-5083-4257-a078-e4c189c7e2cc</AD_Column_ID>
            <IsPageBreak>N</IsPageBreak>
            <IsRelativePosition>Y</IsRelativePosition>
            <MaxWidth>0</MaxWidth>
            <IsSummarized>N</IsSummarized>
            <YPosition>0</YPosition>
            <AD_PrintColor_ID reference="id"/>
            <AD_PrintFormat_ID reference="uuid" reference-key="AD_PrintFormat">620a6149-4650-487e-a958-a671d60bf9c0</AD_PrintFormat_ID>
            <XSpace>0</XSpace>
            <AD_PrintFont_ID reference="id"/>
            <IsActive>Y</IsActive>
            <IsHeightOneLine>N</IsHeightOneLine>
            <MaxHeight>0</MaxHeight>
            <XPosition>0</XPosition>
            <FieldAlignmentType>L</FieldAlignmentType>
            <IsPrinted>N</IsPrinted>
            <IsOrderBy>N</IsOrderBy>
            <IsGroupBy>N</IsGroupBy>
            <LineAlignmentType>X</LineAlignmentType>
            <PrintFormatType>F</PrintFormatType>
            <PrintAreaType>C</PrintAreaType>
            <ImageURL/>
            <ImageIsAttached>N</ImageIsAttached>
            <IsCounted>N</IsCounted>
            <IsAveraged>N</IsAveraged>
            <IsSuppressNull>N</IsSuppressNull>
            <IsSetNLPosition>N</IsSetNLPosition>
            <BelowColumn/>
            <AD_PrintGraph_ID reference="id"/>
            <IsNextPage>N</IsNextPage>
            <IsFixedWidth>N</IsFixedWidth>
            <PrintNameSuffix/>
            <IsMaxCalc>N</IsMaxCalc>
            <RunningTotalLines/>
            <IsRunningTotal>N</IsRunningTotal>
            <IsMinCalc>N</IsMinCalc>
            <IsVarianceCalc>N</IsVarianceCalc>
            <IsDeviationCalc>N</IsDeviationCalc>
            <IsFilledRectangle>N</IsFilledRectangle>
            <LineWidth>1</LineWidth>
            <ArcDiameter>0</ArcDiameter>
            <ShapeType>N</ShapeType>
            <IsCentrallyMaintained>Y</IsCentrallyMaintained>
            <IsImageField>N</IsImageField>
            <BarcodeType/>
            <FormatPattern/>
            <IsSuppressRepeats>N</IsSuppressRepeats>
            <AD_PrintFormatItem_UU>941f85eb-bae7-435e-94c9-2f5e393fba97</AD_PrintFormatItem_UU>
            <IsDesc>N</IsDesc>
            <AD_PrintFormatItem_Trl type="translation">
                <PrintName>Batch Line to Export Payments</PrintName>
                <PrintNameSuffix/>
                <Name>Batch Line to Export Payments</Name>
                <AD_Language>es_CO</AD_Language>
                <IsActive>Y</IsActive>
                <IsTranslated>N</IsTranslated>
            </AD_PrintFormatItem_Trl>
        </AD_PrintFormatItem>
        <AD_PrintFormatItem type="table">
            <AD_Org_ID>@AD_Org_ID@</AD_Org_ID>
            <SeqNo>10</SeqNo>
            <Name>Line</Name>
            <IsNextLine>N</IsNextLine>
            <AD_PrintFormatChild_ID reference="id"/>
            <PrintName>Line</PrintName>
            <YSpace>0</YSpace>
            <SortNo>0</SortNo>
            <AD_Column_ID reference="uuid" reference-key="AD_Column">fc56b17d-d621-47d8-a80d-17701770ee3a</AD_Column_ID>
            <IsPageBreak>N</IsPageBreak>
            <IsRelativePosition>Y</IsRelativePosition>
            <MaxWidth>0</MaxWidth>
            <IsSummarized>N</IsSummarized>
            <YPosition>0</YPosition>
            <AD_PrintColor_ID reference="id"/>
            <AD_PrintFormat_ID reference="uuid" reference-key="AD_PrintFormat">620a6149-4650-487e-a958-a671d60bf9c0</AD_PrintFormat_ID>
            <XSpace>0</XSpace>
            <AD_PrintFont_ID reference="id"/>
            <IsActive>Y</IsActive>
            <IsHeightOneLine>N</IsHeightOneLine>
            <MaxHeight>0</MaxHeight>
            <XPosition>0</XPosition>
            <FieldAlignmentType>T</FieldAlignmentType>
            <IsPrinted>Y</IsPrinted>
            <IsOrderBy>N</IsOrderBy>
            <IsGroupBy>N</IsGroupBy>
            <LineAlignmentType>X</LineAlignmentType>
            <PrintFormatType>F</PrintFormatType>
            <PrintAreaType>C</PrintAreaType>
            <ImageURL/>
            <ImageIsAttached>N</ImageIsAttached>
            <IsCounted>N</IsCounted>
            <IsAveraged>N</IsAveraged>
            <IsSuppressNull>N</IsSuppressNull>
            <IsSetNLPosition>N</IsSetNLPosition>
            <BelowColumn/>
            <AD_PrintGraph_ID reference="id"/>
            <IsNextPage>N</IsNextPage>
            <IsFixedWidth>N</IsFixedWidth>
            <PrintNameSuffix/>
            <IsMaxCalc>N</IsMaxCalc>
            <RunningTotalLines/>
            <IsRunningTotal>N</IsRunningTotal>
            <IsMinCalc>N</IsMinCalc>
            <IsVarianceCalc>N</IsVarianceCalc>
            <IsDeviationCalc>N</IsDeviationCalc>
            <IsFilledRectangle>N</IsFilledRectangle>
            <LineWidth>1</LineWidth>
            <ArcDiameter>0</ArcDiameter>
            <ShapeType>N</ShapeType>
            <IsCentrallyMaintained>Y</IsCentrallyMaintained>
            <IsImageField>N</IsImageField>
            <BarcodeType/>
            <FormatPattern/>
            <IsSuppressRepeats>N</IsSuppressRepeats>
            <AD_PrintFormatItem_UU>fef03be6-0598-430b-835f-fd19126fc925</AD_PrintFormatItem_UU>
            <IsDesc>N</IsDesc>
            <AD_PrintFormatItem_Trl type="translation">
                <PrintName>Line</PrintName>
                <PrintNameSuffix/>
                <Name>Line</Name>
                <AD_Language>es_CO</AD_Language>
                <IsActive>Y</IsActive>
                <IsTranslated>N</IsTranslated>
            </AD_PrintFormatItem_Trl>
        </AD_PrintFormatItem>
        <AD_PrintFormatItem type="table">
            <AD_Org_ID>@AD_Org_ID@</AD_Org_ID>
            <SeqNo>20</SeqNo>
            <Name>Payment</Name>
            <IsNextLine>N</IsNextLine>
            <AD_PrintFormatChild_ID reference="id"/>
            <PrintName>Payment</PrintName>
            <YSpace>0</YSpace>
            <SortNo>0</SortNo>
            <AD_Column_ID reference="uuid" reference-key="AD_Column">e225d595-e7fa-4af1-b19a-8b7f79bb0b2f</AD_Column_ID>
            <IsPageBreak>N</IsPageBreak>
            <IsRelativePosition>Y</IsRelativePosition>
            <MaxWidth>20</MaxWidth>
            <IsSummarized>N</IsSummarized>
            <YPosition>0</YPosition>
            <AD_PrintColor_ID reference="id"/>
            <AD_PrintFormat_ID reference="uuid" reference-key="AD_PrintFormat">620a6149-4650-487e-a958-a671d60bf9c0</AD_PrintFormat_ID>
            <XSpace>0</XSpace>
            <AD_PrintFont_ID reference="id"/>
            <IsActive>Y</IsActive>
            <IsHeightOneLine>Y</IsHeightOneLine>
            <MaxHeight>0</MaxHeight>
            <XPosition>0</XPosition>
            <FieldAlignmentType>L</FieldAlignmentType>
            <IsPrinted>Y</IsPrinted>
            <IsOrderBy>N</IsOrderBy>
            <IsGroupBy>N</IsGroupBy>
            <LineAlignmentType>X</LineAlignmentType>
            <PrintFormatType>F</PrintFormatType>
            <PrintAreaType>C</PrintAreaType>
            <ImageURL/>
            <ImageIsAttached>N</ImageIsAttached>
            <IsCounted>N</IsCounted>
            <IsAveraged>N</IsAveraged>
            <IsSuppressNull>N</IsSuppressNull>
            <IsSetNLPosition>N</IsSetNLPosition>
            <BelowColumn/>
            <AD_PrintGraph_ID reference="id"/>
            <IsNextPage>N</IsNextPage>
            <IsFixedWidth>Y</IsFixedWidth>
            <PrintNameSuffix/>
            <IsMaxCalc>N</IsMaxCalc>
            <RunningTotalLines/>
            <IsRunningTotal>N</IsRunningTotal>
            <IsMinCalc>N</IsMinCalc>
            <IsVarianceCalc>N</IsVarianceCalc>
            <IsDeviationCalc>N</IsDeviationCalc>
            <IsFilledRectangle>N</IsFilledRectangle>
            <LineWidth>1</LineWidth>
            <ArcDiameter>0</ArcDiameter>
            <ShapeType>N</ShapeType>
            <IsCentrallyMaintained>N</IsCentrallyMaintained>
            <IsImageField>N</IsImageField>
            <BarcodeType/>
            <FormatPattern/>
            <IsSuppressRepeats>N</IsSuppressRepeats>
            <AD_PrintFormatItem_UU>d5b229ef-60fb-49b2-9209-46c52e79d157</AD_PrintFormatItem_UU>
            <IsDesc>N</IsDesc>
            <AD_PrintFormatItem_Trl type="translation">
                <PrintName>Payment</PrintName>
                <PrintNameSuffix/>
                <Name>Payment</Name>
                <AD_Language>es_CO</AD_Language>
                <IsActive>Y</IsActive>
                <IsTranslated>N</IsTranslated>
            </AD_PrintFormatItem_Trl>
        </AD_PrintFormatItem>
        <AD_PrintFormatItem type="table">
            <AD_Org_ID>@AD_Org_ID@</AD_Org_ID>
            <SeqNo>30</SeqNo>
            <Name>Payment Summary</Name>
            <IsNextLine>N</IsNextLine>
            <AD_PrintFormatChild_ID reference="id"/>
            <PrintName>Payment Summary</PrintName>
            <YSpace>0</YSpace>
            <SortNo>0</SortNo>
            <AD_Column_ID reference="uuid" reference-key="AD_Column">450b3ab4-44a4-4ece-af56-a4918553ec86</AD_Column_ID>
            <IsPageBreak>N</IsPageBreak>
            <IsRelativePosition>Y</IsRelativePosition>
            <MaxWidth>100</MaxWidth>
            <IsSummarized>N</IsSummarized>
            <YPosition>0</YPosition>
            <AD_PrintColor_ID reference="id"/>
            <AD_PrintFormat_ID reference="uuid" reference-key="AD_PrintFormat">620a6149-4650-487e-a958-a671d60bf9c0</AD_PrintFormat_ID>
            <XSpace>0</XSpace>
            <AD_PrintFont_ID reference="id"/>
            <IsActive>Y</IsActive>
            <IsHeightOneLine>N</IsHeightOneLine>
            <MaxHeight>0</MaxHeight>
            <XPosition>0</XPosition>
            <FieldAlignmentType>L</FieldAlignmentType>
            <IsPrinted>Y</IsPrinted>
            <IsOrderBy>N</IsOrderBy>
            <IsGroupBy>N</IsGroupBy>
            <LineAlignmentType>X</LineAlignmentType>
            <PrintFormatType>F</PrintFormatType>
            <PrintAreaType>C</PrintAreaType>
            <ImageURL/>
            <ImageIsAttached>N</ImageIsAttached>
            <IsCounted>N</IsCounted>
            <IsAveraged>N</IsAveraged>
            <IsSuppressNull>N</IsSuppressNull>
            <IsSetNLPosition>N</IsSetNLPosition>
            <BelowColumn/>
            <AD_PrintGraph_ID reference="id"/>
            <IsNextPage>N</IsNextPage>
            <IsFixedWidth>Y</IsFixedWidth>
            <PrintNameSuffix/>
            <IsMaxCalc>N</IsMaxCalc>
            <RunningTotalLines/>
            <IsRunningTotal>N</IsRunningTotal>
            <IsMinCalc>N</IsMinCalc>
            <IsVarianceCalc>N</IsVarianceCalc>
            <IsDeviationCalc>N</IsDeviationCalc>
            <IsFilledRectangle>N</IsFilledRectangle>
            <LineWidth>1</LineWidth>
            <ArcDiameter>0</ArcDiameter>
            <ShapeType>N</ShapeType>
            <IsCentrallyMaintained>N</IsCentrallyMaintained>
            <IsImageField>N</IsImageField>
            <BarcodeType/>
            <FormatPattern/>
            <IsSuppressRepeats>N</IsSuppressRepeats>
            <AD_PrintFormatItem_UU>74781c34-f0c0-459f-bef3-4ba97e5e0c85</AD_PrintFormatItem_UU>
            <IsDesc>N</IsDesc>
            <AD_PrintFormatItem_Trl type="translation">
                <PrintName>Payment Summary</PrintName>
                <PrintNameSuffix/>
                <Name>Payment Summary</Name>
                <AD_Language>es_CO</AD_Language>
                <IsActive>Y</IsActive>
                <IsTranslated>Y</IsTranslated>
            </AD_PrintFormatItem_Trl>
        </AD_PrintFormatItem>
        <AD_PrintFormatItem type="table">
            <AD_Org_ID>@AD_Org_ID@</AD_Org_ID>
            <SeqNo>40</SeqNo>
            <Name>Business Partner</Name>
            <IsNextLine>Y</IsNextLine>
            <AD_PrintFormatChild_ID reference="id"/>
            <PrintName>Business Partner</PrintName>
            <YSpace>0</YSpace>
            <SortNo>0</SortNo>
            <AD_Column_ID reference="uuid" reference-key="AD_Column">3d484321-711b-47ea-a7f3-e1cbea4435d1</AD_Column_ID>
            <IsPageBreak>N</IsPageBreak>
            <IsRelativePosition>Y</IsRelativePosition>
            <MaxWidth>50</MaxWidth>
            <IsSummarized>N</IsSummarized>
            <YPosition>0</YPosition>
            <AD_PrintColor_ID reference="id">100</AD_PrintColor_ID>
            <AD_PrintFormat_ID reference="uuid" reference-key="AD_PrintFormat">620a6149-4650-487e-a958-a671d60bf9c0</AD_PrintFormat_ID>
            <XSpace>0</XSpace>
            <AD_PrintFont_ID reference="id">130</AD_PrintFont_ID>
            <IsActive>Y</IsActive>
            <IsHeightOneLine>N</IsHeightOneLine>
            <MaxHeight>0</MaxHeight>
            <XPosition>0</XPosition>
            <FieldAlignmentType>D</FieldAlignmentType>
            <IsPrinted>Y</IsPrinted>
            <IsOrderBy>N</IsOrderBy>
            <IsGroupBy>N</IsGroupBy>
            <LineAlignmentType>X</LineAlignmentType>
            <PrintFormatType>F</PrintFormatType>
            <PrintAreaType>C</PrintAreaType>
            <ImageURL/>
            <ImageIsAttached>N</ImageIsAttached>
            <IsCounted>N</IsCounted>
            <IsAveraged>N</IsAveraged>
            <IsSuppressNull>N</IsSuppressNull>
            <IsSetNLPosition>N</IsSetNLPosition>
            <BelowColumn>0</BelowColumn>
            <AD_PrintGraph_ID reference="id"/>
            <IsNextPage>N</IsNextPage>
            <IsFixedWidth>Y</IsFixedWidth>
            <PrintNameSuffix/>
            <IsMaxCalc>N</IsMaxCalc>
            <RunningTotalLines>20</RunningTotalLines>
            <IsRunningTotal>N</IsRunningTotal>
            <IsMinCalc>N</IsMinCalc>
            <IsVarianceCalc>N</IsVarianceCalc>
            <IsDeviationCalc>N</IsDeviationCalc>
            <IsFilledRectangle>N</IsFilledRectangle>
            <LineWidth>1</LineWidth>
            <ArcDiameter>0</ArcDiameter>
            <ShapeType>N</ShapeType>
            <IsCentrallyMaintained>N</IsCentrallyMaintained>
            <IsImageField>N</IsImageField>
            <BarcodeType/>
            <FormatPattern/>
            <IsSuppressRepeats>N</IsSuppressRepeats>
            <AD_PrintFormatItem_UU>de95bf11-5c14-4816-93a3-fd4a86e8e109</AD_PrintFormatItem_UU>
            <IsDesc>N</IsDesc>
            <AD_PrintFormatItem_Trl type="translation">
                <PrintName>Business Partner</PrintName>
                <PrintNameSuffix/>
                <Name>Business Partner</Name>
                <AD_Language>es_CO</AD_Language>
                <IsActive>Y</IsActive>
                <IsTranslated>Y</IsTranslated>
            </AD_PrintFormatItem_Trl>
        </AD_PrintFormatItem>
        <AD_PrintFormatItem type="table">
            <AD_Org_ID>@AD_Org_ID@</AD_Org_ID>
            <SeqNo>50</SeqNo>
            <Name>Pay Amount</Name>
            <IsNextLine>Y</IsNextLine>
            <AD_PrintFormatChild_ID reference="id"/>
            <PrintName>Pay Amount</PrintName>
            <YSpace>0</YSpace>
            <SortNo>0</SortNo>
            <AD_Column_ID reference="uuid" reference-key="AD_Column">a9eaf723-baf2-4769-804d-58e2a4090bdd</AD_Column_ID>
            <IsPageBreak>N</IsPageBreak>
            <IsRelativePosition>Y</IsRelativePosition>
            <MaxWidth>0</MaxWidth>
            <IsSummarized>N</IsSummarized>
            <YPosition>0</YPosition>
            <AD_PrintColor_ID reference="id">100</AD_PrintColor_ID>
            <AD_PrintFormat_ID reference="uuid" reference-key="AD_PrintFormat">620a6149-4650-487e-a958-a671d60bf9c0</AD_PrintFormat_ID>
            <XSpace>0</XSpace>
            <AD_PrintFont_ID reference="id">130</AD_PrintFont_ID>
            <IsActive>Y</IsActive>
            <IsHeightOneLine>Y</IsHeightOneLine>
            <MaxHeight>0</MaxHeight>
            <XPosition>0</XPosition>
            <FieldAlignmentType>D</FieldAlignmentType>
            <IsPrinted>Y</IsPrinted>
            <IsOrderBy>N</IsOrderBy>
            <IsGroupBy>N</IsGroupBy>
            <LineAlignmentType>X</LineAlignmentType>
            <PrintFormatType>F</PrintFormatType>
            <PrintAreaType>C</PrintAreaType>
            <ImageURL/>
            <ImageIsAttached>N</ImageIsAttached>
            <IsCounted>N</IsCounted>
            <IsAveraged>N</IsAveraged>
            <IsSuppressNull>N</IsSuppressNull>
            <IsSetNLPosition>N</IsSetNLPosition>
            <BelowColumn>0</BelowColumn>
            <AD_PrintGraph_ID reference="id"/>
            <IsNextPage>N</IsNextPage>
            <IsFixedWidth>N</IsFixedWidth>
            <PrintNameSuffix/>
            <IsMaxCalc>N</IsMaxCalc>
            <RunningTotalLines>20</RunningTotalLines>
            <IsRunningTotal>N</IsRunningTotal>
            <IsMinCalc>N</IsMinCalc>
            <IsVarianceCalc>N</IsVarianceCalc>
            <IsDeviationCalc>N</IsDeviationCalc>
            <IsFilledRectangle>N</IsFilledRectangle>
            <LineWidth>1</LineWidth>
            <ArcDiameter>0</ArcDiameter>
            <ShapeType>N</ShapeType>
            <IsCentrallyMaintained>N</IsCentrallyMaintained>
            <IsImageField>N</IsImageField>
            <BarcodeType/>
            <FormatPattern/>
            <IsSuppressRepeats>N</IsSuppressRepeats>
            <AD_PrintFormatItem_UU>5675336f-eb22-465f-b72e-1b02be803073</AD_PrintFormatItem_UU>
            <IsDesc>N</IsDesc>
            <AD_PrintFormatItem_Trl type="translation">
                <PrintName>Pay Amount</PrintName>
                <PrintNameSuffix/>
                <Name>Pay Amount</Name>
                <AD_Language>es_CO</AD_Language>
                <IsActive>Y</IsActive>
                <IsTranslated>N</IsTranslated>
            </AD_PrintFormatItem_Trl>
        </AD_PrintFormatItem>
    </AD_PrintFormat>
    <AD_PrintFormat type="table">
        <AD_Org_ID>@AD_Org_ID@</AD_Org_ID>
        <IsTableBased>Y</IsTableBased>
        <IsActive>Y</IsActive>
        <IsStandardHeaderFooter>Y</IsStandardHeaderFooter>
        <AD_PrintFont_ID reference="id">130</AD_PrintFont_ID>
        <AD_Table_ID reference="uuid" reference-key="AD_Table">b9bff1a1-27e3-4b37-a0c7-1fa4205aff11</AD_Table_ID>
        <IsForm>Y</IsForm>
        <HeaderMargin>0</HeaderMargin>
        <AD_PrintColor_ID reference="id">100</AD_PrintColor_ID>
        <Name>Batch for exporting payments to textfile</Name>
        <CreateCopy/>
        <FooterMargin>0</FooterMargin>
        <AD_PrintPaper_ID reference="id">103</AD_PrintPaper_ID>
        <Description/>
        <AD_ReportView_ID reference="id"/>
        <AD_PrintTableFormat_ID reference="id"/>
        <PrinterName/>
        <IsDefault>N</IsDefault>
        <JasperProcess_ID reference="id"/>
        <Classname/>
        <Args/>
        <AD_PrintFormat_UU>cc89e1c0-17be-4a78-a3b1-9bdaa3e3206c</AD_PrintFormat_UU>
        <AD_Window_ID reference="id"/>
        <AD_PrintFormat_Trl type="translation">
            <Name>Batch for exporting payments to textfile</Name>
            <Description/>
            <AD_Language>es_CO</AD_Language>
            <IsActive>Y</IsActive>
            <IsTranslated>N</IsTranslated>
        </AD_PrintFormat_Trl>
        <AD_PrintFormatItem type="table">
            <AD_Org_ID>@AD_Org_ID@</AD_Org_ID>
            <SeqNo>0</SeqNo>
            <Name>Active</Name>
            <IsNextLine>Y</IsNextLine>
            <AD_PrintFormatChild_ID reference="id"/>
            <PrintName>Active</PrintName>
            <YSpace>0</YSpace>
            <SortNo>0</SortNo>
            <AD_Column_ID reference="uuid" reference-key="AD_Column">ef462b83-b54e-44fd-9341-24f4c310307d</AD_Column_ID>
            <IsPageBreak>N</IsPageBreak>
            <IsRelativePosition>Y</IsRelativePosition>
            <MaxWidth>0</MaxWidth>
            <IsSummarized>N</IsSummarized>
            <YPosition>0</YPosition>
            <AD_PrintColor_ID reference="id"/>
            <AD_PrintFormat_ID reference="uuid" reference-key="AD_PrintFormat">cc89e1c0-17be-4a78-a3b1-9bdaa3e3206c</AD_PrintFormat_ID>
            <XSpace>0</XSpace>
            <AD_PrintFont_ID reference="id"/>
            <IsActive>Y</IsActive>
            <IsHeightOneLine>N</IsHeightOneLine>
            <MaxHeight>0</MaxHeight>
            <XPosition>0</XPosition>
            <FieldAlignmentType>L</FieldAlignmentType>
            <IsPrinted>N</IsPrinted>
            <IsOrderBy>N</IsOrderBy>
            <IsGroupBy>N</IsGroupBy>
            <LineAlignmentType>X</LineAlignmentType>
            <PrintFormatType>F</PrintFormatType>
            <PrintAreaType>C</PrintAreaType>
            <ImageURL/>
            <ImageIsAttached>N</ImageIsAttached>
            <IsCounted>N</IsCounted>
            <IsAveraged>N</IsAveraged>
            <IsSuppressNull>N</IsSuppressNull>
            <IsSetNLPosition>N</IsSetNLPosition>
            <BelowColumn/>
            <AD_PrintGraph_ID reference="id"/>
            <IsNextPage>N</IsNextPage>
            <IsFixedWidth>N</IsFixedWidth>
            <PrintNameSuffix/>
            <IsMaxCalc>N</IsMaxCalc>
            <RunningTotalLines/>
            <IsRunningTotal>N</IsRunningTotal>
            <IsMinCalc>N</IsMinCalc>
            <IsVarianceCalc>N</IsVarianceCalc>
            <IsDeviationCalc>N</IsDeviationCalc>
            <IsFilledRectangle>N</IsFilledRectangle>
            <LineWidth>1</LineWidth>
            <ArcDiameter>0</ArcDiameter>
            <ShapeType>N</ShapeType>
            <IsCentrallyMaintained>Y</IsCentrallyMaintained>
            <IsImageField>N</IsImageField>
            <BarcodeType/>
            <FormatPattern/>
            <IsSuppressRepeats>N</IsSuppressRepeats>
            <AD_PrintFormatItem_UU>e6acbc9f-6d28-4d11-a828-b4a7758411aa</AD_PrintFormatItem_UU>
            <IsDesc>N</IsDesc>
            <AD_PrintFormatItem_Trl type="translation">
                <PrintName>Active</PrintName>
                <PrintNameSuffix/>
                <Name>Active</Name>
                <AD_Language>es_CO</AD_Language>
                <IsActive>Y</IsActive>
                <IsTranslated>N</IsTranslated>
            </AD_PrintFormatItem_Trl>
        </AD_PrintFormatItem>
        <AD_PrintFormatItem type="table">
            <AD_Org_ID>@AD_Org_ID@</AD_Org_ID>
            <SeqNo>0</SeqNo>
            <Name>Client</Name>
            <IsNextLine>Y</IsNextLine>
            <AD_PrintFormatChild_ID reference="id"/>
            <PrintName>Client</PrintName>
            <YSpace>0</YSpace>
            <SortNo>0</SortNo>
            <AD_Column_ID reference="uuid" reference-key="AD_Column">ff4c4b81-f9af-419d-bd39-1a1fd50a98ee</AD_Column_ID>
            <IsPageBreak>N</IsPageBreak>
            <IsRelativePosition>Y</IsRelativePosition>
            <MaxWidth>0</MaxWidth>
            <IsSummarized>N</IsSummarized>
            <YPosition>0</YPosition>
            <AD_PrintColor_ID reference="id"/>
            <AD_PrintFormat_ID reference="uuid" reference-key="AD_PrintFormat">cc89e1c0-17be-4a78-a3b1-9bdaa3e3206c</AD_PrintFormat_ID>
            <XSpace>0</XSpace>
            <AD_PrintFont_ID reference="id"/>
            <IsActive>Y</IsActive>
            <IsHeightOneLine>N</IsHeightOneLine>
            <MaxHeight>0</MaxHeight>
            <XPosition>0</XPosition>
            <FieldAlignmentType>L</FieldAlignmentType>
            <IsPrinted>N</IsPrinted>
            <IsOrderBy>N</IsOrderBy>
            <IsGroupBy>N</IsGroupBy>
            <LineAlignmentType>X</LineAlignmentType>
            <PrintFormatType>F</PrintFormatType>
            <PrintAreaType>C</PrintAreaType>
            <ImageURL/>
            <ImageIsAttached>N</ImageIsAttached>
            <IsCounted>N</IsCounted>
            <IsAveraged>N</IsAveraged>
            <IsSuppressNull>N</IsSuppressNull>
            <IsSetNLPosition>N</IsSetNLPosition>
            <BelowColumn/>
            <AD_PrintGraph_ID reference="id"/>
            <IsNextPage>N</IsNextPage>
            <IsFixedWidth>N</IsFixedWidth>
            <PrintNameSuffix/>
            <IsMaxCalc>N</IsMaxCalc>
            <RunningTotalLines/>
            <IsRunningTotal>N</IsRunningTotal>
            <IsMinCalc>N</IsMinCalc>
            <IsVarianceCalc>N</IsVarianceCalc>
            <IsDeviationCalc>N</IsDeviationCalc>
            <IsFilledRectangle>N</IsFilledRectangle>
            <LineWidth>1</LineWidth>
            <ArcDiameter>0</ArcDiameter>
            <ShapeType>N</ShapeType>
            <IsCentrallyMaintained>Y</IsCentrallyMaintained>
            <IsImageField>N</IsImageField>
            <BarcodeType/>
            <FormatPattern/>
            <IsSuppressRepeats>N</IsSuppressRepeats>
            <AD_PrintFormatItem_UU>bd934d13-bec0-4033-b95d-7e7cc696b534</AD_PrintFormatItem_UU>
            <IsDesc>N</IsDesc>
            <AD_PrintFormatItem_Trl type="translation">
                <PrintName>Client</PrintName>
                <PrintNameSuffix/>
                <Name>Client</Name>
                <AD_Language>es_CO</AD_Language>
                <IsActive>Y</IsActive>
                <IsTranslated>N</IsTranslated>
            </AD_PrintFormatItem_Trl>
        </AD_PrintFormatItem>
        <AD_PrintFormatItem type="table">
            <AD_Org_ID>@AD_Org_ID@</AD_Org_ID>
            <SeqNo>0</SeqNo>
            <Name>Organization</Name>
            <IsNextLine>Y</IsNextLine>
            <AD_PrintFormatChild_ID reference="id"/>
            <PrintName>Organization</PrintName>
            <YSpace>0</YSpace>
            <SortNo>0</SortNo>
            <AD_Column_ID reference="uuid" reference-key="AD_Column">aeb2d2f4-4c63-4b27-a3c6-5a5b0dcd30c7</AD_Column_ID>
            <IsPageBreak>N</IsPageBreak>
            <IsRelativePosition>Y</IsRelativePosition>
            <MaxWidth>0</MaxWidth>
            <IsSummarized>N</IsSummarized>
            <YPosition>0</YPosition>
            <AD_PrintColor_ID reference="id"/>
            <AD_PrintFormat_ID reference="uuid" reference-key="AD_PrintFormat">cc89e1c0-17be-4a78-a3b1-9bdaa3e3206c</AD_PrintFormat_ID>
            <XSpace>0</XSpace>
            <AD_PrintFont_ID reference="id"/>
            <IsActive>Y</IsActive>
            <IsHeightOneLine>N</IsHeightOneLine>
            <MaxHeight>0</MaxHeight>
            <XPosition>0</XPosition>
            <FieldAlignmentType>L</FieldAlignmentType>
            <IsPrinted>N</IsPrinted>
            <IsOrderBy>N</IsOrderBy>
            <IsGroupBy>N</IsGroupBy>
            <LineAlignmentType>X</LineAlignmentType>
            <PrintFormatType>F</PrintFormatType>
            <PrintAreaType>C</PrintAreaType>
            <ImageURL/>
            <ImageIsAttached>N</ImageIsAttached>
            <IsCounted>N</IsCounted>
            <IsAveraged>N</IsAveraged>
            <IsSuppressNull>N</IsSuppressNull>
            <IsSetNLPosition>N</IsSetNLPosition>
            <BelowColumn/>
            <AD_PrintGraph_ID reference="id"/>
            <IsNextPage>N</IsNextPage>
            <IsFixedWidth>N</IsFixedWidth>
            <PrintNameSuffix/>
            <IsMaxCalc>N</IsMaxCalc>
            <RunningTotalLines/>
            <IsRunningTotal>N</IsRunningTotal>
            <IsMinCalc>N</IsMinCalc>
            <IsVarianceCalc>N</IsVarianceCalc>
            <IsDeviationCalc>N</IsDeviationCalc>
            <IsFilledRectangle>N</IsFilledRectangle>
            <LineWidth>1</LineWidth>
            <ArcDiameter>0</ArcDiameter>
            <ShapeType>N</ShapeType>
            <IsCentrallyMaintained>Y</IsCentrallyMaintained>
            <IsImageField>N</IsImageField>
            <BarcodeType/>
            <FormatPattern/>
            <IsSuppressRepeats>N</IsSuppressRepeats>
            <AD_PrintFormatItem_UU>787e8f2f-3bbf-4fab-b515-fc2ce262c4f2</AD_PrintFormatItem_UU>
            <IsDesc>N</IsDesc>
            <AD_PrintFormatItem_Trl type="translation">
                <PrintName>Organization</PrintName>
                <PrintNameSuffix/>
                <Name>Organization</Name>
                <AD_Language>es_CO</AD_Language>
                <IsActive>Y</IsActive>
                <IsTranslated>N</IsTranslated>
            </AD_PrintFormatItem_Trl>
        </AD_PrintFormatItem>
        <AD_PrintFormatItem type="table">
            <AD_Org_ID>@AD_Org_ID@</AD_Org_ID>
            <SeqNo>0</SeqNo>
            <Name>Year</Name>
            <IsNextLine>Y</IsNextLine>
            <AD_PrintFormatChild_ID reference="id"/>
            <PrintName>Year</PrintName>
            <YSpace>0</YSpace>
            <SortNo>0</SortNo>
            <AD_Column_ID reference="uuid" reference-key="AD_Column">77a4bf32-599f-4408-bb2b-dd3722ca891a</AD_Column_ID>
            <IsPageBreak>N</IsPageBreak>
            <IsRelativePosition>Y</IsRelativePosition>
            <MaxWidth>0</MaxWidth>
            <IsSummarized>N</IsSummarized>
            <YPosition>0</YPosition>
            <AD_PrintColor_ID reference="id"/>
            <AD_PrintFormat_ID reference="uuid" reference-key="AD_PrintFormat">cc89e1c0-17be-4a78-a3b1-9bdaa3e3206c</AD_PrintFormat_ID>
            <XSpace>0</XSpace>
            <AD_PrintFont_ID reference="id"/>
            <IsActive>Y</IsActive>
            <IsHeightOneLine>N</IsHeightOneLine>
            <MaxHeight>0</MaxHeight>
            <XPosition>0</XPosition>
            <FieldAlignmentType>T</FieldAlignmentType>
            <IsPrinted>N</IsPrinted>
            <IsOrderBy>N</IsOrderBy>
            <IsGroupBy>N</IsGroupBy>
            <LineAlignmentType>X</LineAlignmentType>
            <PrintFormatType>F</PrintFormatType>
            <PrintAreaType>C</PrintAreaType>
            <ImageURL/>
            <ImageIsAttached>N</ImageIsAttached>
            <IsCounted>N</IsCounted>
            <IsAveraged>N</IsAveraged>
            <IsSuppressNull>N</IsSuppressNull>
            <IsSetNLPosition>N</IsSetNLPosition>
            <BelowColumn/>
            <AD_PrintGraph_ID reference="id"/>
            <IsNextPage>N</IsNextPage>
            <IsFixedWidth>N</IsFixedWidth>
            <PrintNameSuffix/>
            <IsMaxCalc>N</IsMaxCalc>
            <RunningTotalLines/>
            <IsRunningTotal>N</IsRunningTotal>
            <IsMinCalc>N</IsMinCalc>
            <IsVarianceCalc>N</IsVarianceCalc>
            <IsDeviationCalc>N</IsDeviationCalc>
            <IsFilledRectangle>N</IsFilledRectangle>
            <LineWidth>1</LineWidth>
            <ArcDiameter>0</ArcDiameter>
            <ShapeType>N</ShapeType>
            <IsCentrallyMaintained>Y</IsCentrallyMaintained>
            <IsImageField>N</IsImageField>
            <BarcodeType/>
            <FormatPattern/>
            <IsSuppressRepeats>N</IsSuppressRepeats>
            <AD_PrintFormatItem_UU>5c0d04ad-9ea4-4cf8-97ac-6635452f08f1</AD_PrintFormatItem_UU>
            <IsDesc>N</IsDesc>
            <AD_PrintFormatItem_Trl type="translation">
                <PrintName>Year</PrintName>
                <PrintNameSuffix/>
                <Name>Year</Name>
                <AD_Language>es_CO</AD_Language>
                <IsActive>Y</IsActive>
                <IsTranslated>N</IsTranslated>
            </AD_PrintFormatItem_Trl>
        </AD_PrintFormatItem>
        <AD_PrintFormatItem type="table">
            <AD_Org_ID>@AD_Org_ID@</AD_Org_ID>
            <SeqNo>0</SeqNo>
            <Name>Month</Name>
            <IsNextLine>Y</IsNextLine>
            <AD_PrintFormatChild_ID reference="id"/>
            <PrintName>Month</PrintName>
            <YSpace>0</YSpace>
            <SortNo>0</SortNo>
            <AD_Column_ID reference="uuid" reference-key="AD_Column">5d2f74d1-6821-42aa-b797-feb8060932e5</AD_Column_ID>
            <IsPageBreak>N</IsPageBreak>
            <IsRelativePosition>Y</IsRelativePosition>
            <MaxWidth>0</MaxWidth>
            <IsSummarized>N</IsSummarized>
            <YPosition>0</YPosition>
            <AD_PrintColor_ID reference="id"/>
            <AD_PrintFormat_ID reference="uuid" reference-key="AD_PrintFormat">cc89e1c0-17be-4a78-a3b1-9bdaa3e3206c</AD_PrintFormat_ID>
            <XSpace>0</XSpace>
            <AD_PrintFont_ID reference="id"/>
            <IsActive>Y</IsActive>
            <IsHeightOneLine>N</IsHeightOneLine>
            <MaxHeight>0</MaxHeight>
            <XPosition>0</XPosition>
            <FieldAlignmentType>L</FieldAlignmentType>
            <IsPrinted>N</IsPrinted>
            <IsOrderBy>N</IsOrderBy>
            <IsGroupBy>N</IsGroupBy>
            <LineAlignmentType>X</LineAlignmentType>
            <PrintFormatType>F</PrintFormatType>
            <PrintAreaType>C</PrintAreaType>
            <ImageURL/>
            <ImageIsAttached>N</ImageIsAttached>
            <IsCounted>N</IsCounted>
            <IsAveraged>N</IsAveraged>
            <IsSuppressNull>N</IsSuppressNull>
            <IsSetNLPosition>N</IsSetNLPosition>
            <BelowColumn/>
            <AD_PrintGraph_ID reference="id"/>
            <IsNextPage>N</IsNextPage>
            <IsFixedWidth>N</IsFixedWidth>
            <PrintNameSuffix/>
            <IsMaxCalc>N</IsMaxCalc>
            <RunningTotalLines/>
            <IsRunningTotal>N</IsRunningTotal>
            <IsMinCalc>N</IsMinCalc>
            <IsVarianceCalc>N</IsVarianceCalc>
            <IsDeviationCalc>N</IsDeviationCalc>
            <IsFilledRectangle>N</IsFilledRectangle>
            <LineWidth>1</LineWidth>
            <ArcDiameter>0</ArcDiameter>
            <ShapeType>N</ShapeType>
            <IsCentrallyMaintained>Y</IsCentrallyMaintained>
            <IsImageField>N</IsImageField>
            <BarcodeType/>
            <FormatPattern/>
            <IsSuppressRepeats>N</IsSuppressRepeats>
            <AD_PrintFormatItem_UU>23ca8b09-dd37-42bd-8b27-85aba4ab7a37</AD_PrintFormatItem_UU>
            <IsDesc>N</IsDesc>
            <AD_PrintFormatItem_Trl type="translation">
                <PrintName>Month</PrintName>
                <PrintNameSuffix/>
                <Name>Month</Name>
                <AD_Language>es_CO</AD_Language>
                <IsActive>Y</IsActive>
                <IsTranslated>N</IsTranslated>
            </AD_PrintFormatItem_Trl>
        </AD_PrintFormatItem>
        <AD_PrintFormatItem type="table">
            <AD_Org_ID>@AD_Org_ID@</AD_Org_ID>
            <SeqNo>0</SeqNo>
            <Name>DSI_ExportPayments_UU</Name>
            <IsNextLine>Y</IsNextLine>
            <AD_PrintFormatChild_ID reference="id"/>
            <PrintName>DSI_ExportPayments_UU</PrintName>
            <YSpace>0</YSpace>
            <SortNo>0</SortNo>
            <AD_Column_ID reference="uuid" reference-key="AD_Column">ebb9dd25-bdeb-4318-ae21-2af398184831</AD_Column_ID>
            <IsPageBreak>N</IsPageBreak>
            <IsRelativePosition>Y</IsRelativePosition>
            <MaxWidth>0</MaxWidth>
            <IsSummarized>N</IsSummarized>
            <YPosition>0</YPosition>
            <AD_PrintColor_ID reference="id"/>
            <AD_PrintFormat_ID reference="uuid" reference-key="AD_PrintFormat">cc89e1c0-17be-4a78-a3b1-9bdaa3e3206c</AD_PrintFormat_ID>
            <XSpace>0</XSpace>
            <AD_PrintFont_ID reference="id"/>
            <IsActive>Y</IsActive>
            <IsHeightOneLine>N</IsHeightOneLine>
            <MaxHeight>0</MaxHeight>
            <XPosition>0</XPosition>
            <FieldAlignmentType>L</FieldAlignmentType>
            <IsPrinted>N</IsPrinted>
            <IsOrderBy>N</IsOrderBy>
            <IsGroupBy>N</IsGroupBy>
            <LineAlignmentType>X</LineAlignmentType>
            <PrintFormatType>F</PrintFormatType>
            <PrintAreaType>C</PrintAreaType>
            <ImageURL/>
            <ImageIsAttached>N</ImageIsAttached>
            <IsCounted>N</IsCounted>
            <IsAveraged>N</IsAveraged>
            <IsSuppressNull>N</IsSuppressNull>
            <IsSetNLPosition>N</IsSetNLPosition>
            <BelowColumn/>
            <AD_PrintGraph_ID reference="id"/>
            <IsNextPage>N</IsNextPage>
            <IsFixedWidth>N</IsFixedWidth>
            <PrintNameSuffix/>
            <IsMaxCalc>N</IsMaxCalc>
            <RunningTotalLines/>
            <IsRunningTotal>N</IsRunningTotal>
            <IsMinCalc>N</IsMinCalc>
            <IsVarianceCalc>N</IsVarianceCalc>
            <IsDeviationCalc>N</IsDeviationCalc>
            <IsFilledRectangle>N</IsFilledRectangle>
            <LineWidth>1</LineWidth>
            <ArcDiameter>0</ArcDiameter>
            <ShapeType>N</ShapeType>
            <IsCentrallyMaintained>Y</IsCentrallyMaintained>
            <IsImageField>N</IsImageField>
            <BarcodeType/>
            <FormatPattern/>
            <IsSuppressRepeats>N</IsSuppressRepeats>
            <AD_PrintFormatItem_UU>b0764964-f684-43bf-b2e8-dfbc38124683</AD_PrintFormatItem_UU>
            <IsDesc>N</IsDesc>
            <AD_PrintFormatItem_Trl type="translation">
                <PrintName>DSI_ExportPayments_UU</PrintName>
                <PrintNameSuffix/>
                <Name>DSI_ExportPayments_UU</Name>
                <AD_Language>es_CO</AD_Language>
                <IsActive>Y</IsActive>
                <IsTranslated>N</IsTranslated>
            </AD_PrintFormatItem_Trl>
        </AD_PrintFormatItem>
        <AD_PrintFormatItem type="table">
            <AD_Org_ID>@AD_Org_ID@</AD_Org_ID>
            <SeqNo>0</SeqNo>
            <Name>Batch for exporting payments to textfile</Name>
            <IsNextLine>Y</IsNextLine>
            <AD_PrintFormatChild_ID reference="id"/>
            <PrintName>Batch for exporting payments to textfile</PrintName>
            <YSpace>0</YSpace>
            <SortNo>0</SortNo>
            <AD_Column_ID reference="uuid" reference-key="AD_Column">ff2e1bcf-f25f-4407-a4bc-fc5d9ad115c3</AD_Column_ID>
            <IsPageBreak>N</IsPageBreak>
            <IsRelativePosition>Y</IsRelativePosition>
            <MaxWidth>0</MaxWidth>
            <IsSummarized>N</IsSummarized>
            <YPosition>0</YPosition>
            <AD_PrintColor_ID reference="id"/>
            <AD_PrintFormat_ID reference="uuid" reference-key="AD_PrintFormat">cc89e1c0-17be-4a78-a3b1-9bdaa3e3206c</AD_PrintFormat_ID>
            <XSpace>0</XSpace>
            <AD_PrintFont_ID reference="id"/>
            <IsActive>Y</IsActive>
            <IsHeightOneLine>N</IsHeightOneLine>
            <MaxHeight>0</MaxHeight>
            <XPosition>0</XPosition>
            <FieldAlignmentType>L</FieldAlignmentType>
            <IsPrinted>N</IsPrinted>
            <IsOrderBy>N</IsOrderBy>
            <IsGroupBy>N</IsGroupBy>
            <LineAlignmentType>X</LineAlignmentType>
            <PrintFormatType>F</PrintFormatType>
            <PrintAreaType>C</PrintAreaType>
            <ImageURL/>
            <ImageIsAttached>N</ImageIsAttached>
            <IsCounted>N</IsCounted>
            <IsAveraged>N</IsAveraged>
            <IsSuppressNull>N</IsSuppressNull>
            <IsSetNLPosition>N</IsSetNLPosition>
            <BelowColumn/>
            <AD_PrintGraph_ID reference="id"/>
            <IsNextPage>N</IsNextPage>
            <IsFixedWidth>N</IsFixedWidth>
            <PrintNameSuffix/>
            <IsMaxCalc>N</IsMaxCalc>
            <RunningTotalLines/>
            <IsRunningTotal>N</IsRunningTotal>
            <IsMinCalc>N</IsMinCalc>
            <IsVarianceCalc>N</IsVarianceCalc>
            <IsDeviationCalc>N</IsDeviationCalc>
            <IsFilledRectangle>N</IsFilledRectangle>
            <LineWidth>1</LineWidth>
            <ArcDiameter>0</ArcDiameter>
            <ShapeType>N</ShapeType>
            <IsCentrallyMaintained>Y</IsCentrallyMaintained>
            <IsImageField>N</IsImageField>
            <BarcodeType/>
            <FormatPattern/>
            <IsSuppressRepeats>N</IsSuppressRepeats>
            <AD_PrintFormatItem_UU>28fcc1e6-81c8-4116-89c0-dabd553bf274</AD_PrintFormatItem_UU>
            <IsDesc>N</IsDesc>
            <AD_PrintFormatItem_Trl type="translation">
                <PrintName>Batch for exporting payments to textfile</PrintName>
                <PrintNameSuffix/>
                <Name>Batch for exporting payments to textfile</Name>
                <AD_Language>es_CO</AD_Language>
                <IsActive>Y</IsActive>
                <IsTranslated>N</IsTranslated>
            </AD_PrintFormatItem_Trl>
        </AD_PrintFormatItem>
        <AD_PrintFormatItem type="table">
            <AD_Org_ID>@AD_Org_ID@</AD_Org_ID>
            <SeqNo>0</SeqNo>
            <Name>Send</Name>
            <IsNextLine>Y</IsNextLine>
            <AD_PrintFormatChild_ID reference="id"/>
            <PrintName>Send</PrintName>
            <YSpace>0</YSpace>
            <SortNo>0</SortNo>
            <AD_Column_ID reference="uuid" reference-key="AD_Column">7f5d530e-d2fd-45be-a61b-49a70e653c7a</AD_Column_ID>
            <IsPageBreak>N</IsPageBreak>
            <IsRelativePosition>Y</IsRelativePosition>
            <MaxWidth>0</MaxWidth>
            <IsSummarized>N</IsSummarized>
            <YPosition>0</YPosition>
            <AD_PrintColor_ID reference="id"/>
            <AD_PrintFormat_ID reference="uuid" reference-key="AD_PrintFormat">cc89e1c0-17be-4a78-a3b1-9bdaa3e3206c</AD_PrintFormat_ID>
            <XSpace>0</XSpace>
            <AD_PrintFont_ID reference="id"/>
            <IsActive>Y</IsActive>
            <IsHeightOneLine>N</IsHeightOneLine>
            <MaxHeight>0</MaxHeight>
            <XPosition>0</XPosition>
            <FieldAlignmentType>L</FieldAlignmentType>
            <IsPrinted>N</IsPrinted>
            <IsOrderBy>N</IsOrderBy>
            <IsGroupBy>N</IsGroupBy>
            <LineAlignmentType>X</LineAlignmentType>
            <PrintFormatType>F</PrintFormatType>
            <PrintAreaType>C</PrintAreaType>
            <ImageURL/>
            <ImageIsAttached>N</ImageIsAttached>
            <IsCounted>N</IsCounted>
            <IsAveraged>N</IsAveraged>
            <IsSuppressNull>N</IsSuppressNull>
            <IsSetNLPosition>N</IsSetNLPosition>
            <BelowColumn/>
            <AD_PrintGraph_ID reference="id"/>
            <IsNextPage>N</IsNextPage>
            <IsFixedWidth>N</IsFixedWidth>
            <PrintNameSuffix/>
            <IsMaxCalc>N</IsMaxCalc>
            <RunningTotalLines/>
            <IsRunningTotal>N</IsRunningTotal>
            <IsMinCalc>N</IsMinCalc>
            <IsVarianceCalc>N</IsVarianceCalc>
            <IsDeviationCalc>N</IsDeviationCalc>
            <IsFilledRectangle>N</IsFilledRectangle>
            <LineWidth>1</LineWidth>
            <ArcDiameter>0</ArcDiameter>
            <ShapeType>N</ShapeType>
            <IsCentrallyMaintained>Y</IsCentrallyMaintained>
            <IsImageField>N</IsImageField>
            <BarcodeType/>
            <FormatPattern/>
            <IsSuppressRepeats>N</IsSuppressRepeats>
            <AD_PrintFormatItem_UU>abe0a58d-df6f-41ad-b3df-ecb9d445ffe9</AD_PrintFormatItem_UU>
            <IsDesc>N</IsDesc>
            <AD_PrintFormatItem_Trl type="translation">
                <PrintName>Send</PrintName>
                <PrintNameSuffix/>
                <Name>Send</Name>
                <AD_Language>es_CO</AD_Language>
                <IsActive>Y</IsActive>
                <IsTranslated>N</IsTranslated>
            </AD_PrintFormatItem_Trl>
        </AD_PrintFormatItem>
        <AD_PrintFormatItem type="table">
            <AD_Org_ID>@AD_Org_ID@</AD_Org_ID>
            <SeqNo>0</SeqNo>
            <Name>Bank Account</Name>
            <IsNextLine>Y</IsNextLine>
            <AD_PrintFormatChild_ID reference="id"/>
            <PrintName>Bank Account</PrintName>
            <YSpace>0</YSpace>
            <SortNo>0</SortNo>
            <AD_Column_ID reference="uuid" reference-key="AD_Column">2e017ee0-5afa-4d02-b584-ab6899c9554d</AD_Column_ID>
            <IsPageBreak>N</IsPageBreak>
            <IsRelativePosition>Y</IsRelativePosition>
            <MaxWidth>0</MaxWidth>
            <IsSummarized>N</IsSummarized>
            <YPosition>0</YPosition>
            <AD_PrintColor_ID reference="id"/>
            <AD_PrintFormat_ID reference="uuid" reference-key="AD_PrintFormat">cc89e1c0-17be-4a78-a3b1-9bdaa3e3206c</AD_PrintFormat_ID>
            <XSpace>0</XSpace>
            <AD_PrintFont_ID reference="id"/>
            <IsActive>Y</IsActive>
            <IsHeightOneLine>N</IsHeightOneLine>
            <MaxHeight>0</MaxHeight>
            <XPosition>0</XPosition>
            <FieldAlignmentType>L</FieldAlignmentType>
            <IsPrinted>N</IsPrinted>
            <IsOrderBy>N</IsOrderBy>
            <IsGroupBy>N</IsGroupBy>
            <LineAlignmentType>X</LineAlignmentType>
            <PrintFormatType>F</PrintFormatType>
            <PrintAreaType>C</PrintAreaType>
            <ImageURL/>
            <ImageIsAttached>N</ImageIsAttached>
            <IsCounted>N</IsCounted>
            <IsAveraged>N</IsAveraged>
            <IsSuppressNull>N</IsSuppressNull>
            <IsSetNLPosition>N</IsSetNLPosition>
            <BelowColumn/>
            <AD_PrintGraph_ID reference="id"/>
            <IsNextPage>N</IsNextPage>
            <IsFixedWidth>N</IsFixedWidth>
            <PrintNameSuffix/>
            <IsMaxCalc>N</IsMaxCalc>
            <RunningTotalLines/>
            <IsRunningTotal>N</IsRunningTotal>
            <IsMinCalc>N</IsMinCalc>
            <IsVarianceCalc>N</IsVarianceCalc>
            <IsDeviationCalc>N</IsDeviationCalc>
            <IsFilledRectangle>N</IsFilledRectangle>
            <LineWidth>1</LineWidth>
            <ArcDiameter>0</ArcDiameter>
            <ShapeType>N</ShapeType>
            <IsCentrallyMaintained>Y</IsCentrallyMaintained>
            <IsImageField>N</IsImageField>
            <BarcodeType/>
            <FormatPattern/>
            <IsSuppressRepeats>N</IsSuppressRepeats>
            <AD_PrintFormatItem_UU>a13e2d92-dd10-482f-b64a-c388f17c3d5e</AD_PrintFormatItem_UU>
            <IsDesc>N</IsDesc>
            <AD_PrintFormatItem_Trl type="translation">
                <PrintName>Bank Account</PrintName>
                <PrintNameSuffix/>
                <Name>Bank Account</Name>
                <AD_Language>es_CO</AD_Language>
                <IsActive>Y</IsActive>
                <IsTranslated>N</IsTranslated>
            </AD_PrintFormatItem_Trl>
        </AD_PrintFormatItem>
        <AD_PrintFormatItem type="table">
            <AD_Org_ID>@AD_Org_ID@</AD_Org_ID>
            <SeqNo>0</SeqNo>
            <Name>Organization Name</Name>
            <IsNextLine>Y</IsNextLine>
            <AD_PrintFormatChild_ID reference="id"/>
            <PrintName>Org Name</PrintName>
            <YSpace>0</YSpace>
            <SortNo>0</SortNo>
            <AD_Column_ID reference="uuid" reference-key="AD_Column">01420cc5-d048-4e5e-b6d2-9aca454bfeb4</AD_Column_ID>
            <IsPageBreak>N</IsPageBreak>
            <IsRelativePosition>Y</IsRelativePosition>
            <MaxWidth>0</MaxWidth>
            <IsSummarized>N</IsSummarized>
            <YPosition>0</YPosition>
            <AD_PrintColor_ID reference="id"/>
            <AD_PrintFormat_ID reference="uuid" reference-key="AD_PrintFormat">cc89e1c0-17be-4a78-a3b1-9bdaa3e3206c</AD_PrintFormat_ID>
            <XSpace>0</XSpace>
            <AD_PrintFont_ID reference="id"/>
            <IsActive>Y</IsActive>
            <IsHeightOneLine>N</IsHeightOneLine>
            <MaxHeight>0</MaxHeight>
            <XPosition>0</XPosition>
            <FieldAlignmentType>L</FieldAlignmentType>
            <IsPrinted>N</IsPrinted>
            <IsOrderBy>N</IsOrderBy>
            <IsGroupBy>N</IsGroupBy>
            <LineAlignmentType>X</LineAlignmentType>
            <PrintFormatType>F</PrintFormatType>
            <PrintAreaType>C</PrintAreaType>
            <ImageURL/>
            <ImageIsAttached>N</ImageIsAttached>
            <IsCounted>N</IsCounted>
            <IsAveraged>N</IsAveraged>
            <IsSuppressNull>N</IsSuppressNull>
            <IsSetNLPosition>N</IsSetNLPosition>
            <BelowColumn/>
            <AD_PrintGraph_ID reference="id"/>
            <IsNextPage>N</IsNextPage>
            <IsFixedWidth>N</IsFixedWidth>
            <PrintNameSuffix/>
            <IsMaxCalc>N</IsMaxCalc>
            <RunningTotalLines/>
            <IsRunningTotal>N</IsRunningTotal>
            <IsMinCalc>N</IsMinCalc>
            <IsVarianceCalc>N</IsVarianceCalc>
            <IsDeviationCalc>N</IsDeviationCalc>
            <IsFilledRectangle>N</IsFilledRectangle>
            <LineWidth>1</LineWidth>
            <ArcDiameter>0</ArcDiameter>
            <ShapeType>N</ShapeType>
            <IsCentrallyMaintained>Y</IsCentrallyMaintained>
            <IsImageField>N</IsImageField>
            <BarcodeType/>
            <FormatPattern/>
            <IsSuppressRepeats>N</IsSuppressRepeats>
            <AD_PrintFormatItem_UU>46f61e75-fb4f-4a25-a507-abbef93fab37</AD_PrintFormatItem_UU>
            <IsDesc>N</IsDesc>
            <AD_PrintFormatItem_Trl type="translation">
                <PrintName>Org Name</PrintName>
                <PrintNameSuffix/>
                <Name>Organization Name</Name>
                <AD_Language>es_CO</AD_Language>
                <IsActive>Y</IsActive>
                <IsTranslated>N</IsTranslated>
            </AD_PrintFormatItem_Trl>
        </AD_PrintFormatItem>
        <AD_PrintFormatItem type="table">
            <AD_Org_ID>@AD_Org_ID@</AD_Org_ID>
            <SeqNo>10</SeqNo>
            <Name>Document No</Name>
            <IsNextLine>Y</IsNextLine>
            <AD_PrintFormatChild_ID reference="id"/>
            <PrintName>Document No :</PrintName>
            <YSpace>5</YSpace>
            <SortNo>0</SortNo>
            <AD_Column_ID reference="uuid" reference-key="AD_Column">ffccf6a7-67eb-472f-a5e2-5ca6a67aae56</AD_Column_ID>
            <IsPageBreak>N</IsPageBreak>
            <IsRelativePosition>Y</IsRelativePosition>
            <MaxWidth>0</MaxWidth>
            <IsSummarized>N</IsSummarized>
            <YPosition>0</YPosition>
            <AD_PrintColor_ID reference="id"/>
            <AD_PrintFormat_ID reference="uuid" reference-key="AD_PrintFormat">cc89e1c0-17be-4a78-a3b1-9bdaa3e3206c</AD_PrintFormat_ID>
            <XSpace>0</XSpace>
            <AD_PrintFont_ID reference="id"/>
            <IsActive>Y</IsActive>
            <IsHeightOneLine>N</IsHeightOneLine>
            <MaxHeight>0</MaxHeight>
            <XPosition>0</XPosition>
            <FieldAlignmentType>L</FieldAlignmentType>
            <IsPrinted>Y</IsPrinted>
            <IsOrderBy>N</IsOrderBy>
            <IsGroupBy>N</IsGroupBy>
            <LineAlignmentType>X</LineAlignmentType>
            <PrintFormatType>F</PrintFormatType>
            <PrintAreaType>C</PrintAreaType>
            <ImageURL/>
            <ImageIsAttached>N</ImageIsAttached>
            <IsCounted>N</IsCounted>
            <IsAveraged>N</IsAveraged>
            <IsSuppressNull>N</IsSuppressNull>
            <IsSetNLPosition>N</IsSetNLPosition>
            <BelowColumn/>
            <AD_PrintGraph_ID reference="id"/>
            <IsNextPage>N</IsNextPage>
            <IsFixedWidth>N</IsFixedWidth>
            <PrintNameSuffix/>
            <IsMaxCalc>N</IsMaxCalc>
            <RunningTotalLines/>
            <IsRunningTotal>N</IsRunningTotal>
            <IsMinCalc>N</IsMinCalc>
            <IsVarianceCalc>N</IsVarianceCalc>
            <IsDeviationCalc>N</IsDeviationCalc>
            <IsFilledRectangle>N</IsFilledRectangle>
            <LineWidth>1</LineWidth>
            <ArcDiameter>0</ArcDiameter>
            <ShapeType>N</ShapeType>
            <IsCentrallyMaintained>Y</IsCentrallyMaintained>
            <IsImageField>N</IsImageField>
            <BarcodeType/>
            <FormatPattern/>
            <IsSuppressRepeats>N</IsSuppressRepeats>
            <AD_PrintFormatItem_UU>13fb3932-e739-43a5-92ec-d12c431d5028</AD_PrintFormatItem_UU>
            <IsDesc>N</IsDesc>
            <AD_PrintFormatItem_Trl type="translation">
                <PrintName>Document No :</PrintName>
                <PrintNameSuffix/>
                <Name>Document No</Name>
                <AD_Language>es_CO</AD_Language>
                <IsActive>Y</IsActive>
                <IsTranslated>Y</IsTranslated>
            </AD_PrintFormatItem_Trl>
        </AD_PrintFormatItem>
        <AD_PrintFormatItem type="table">
            <AD_Org_ID>@AD_Org_ID@</AD_Org_ID>
            <SeqNo>20</SeqNo>
            <Name>Date</Name>
            <IsNextLine>Y</IsNextLine>
            <AD_PrintFormatChild_ID reference="id"/>
            <PrintName>Date :</PrintName>
            <YSpace>5</YSpace>
            <SortNo>0</SortNo>
            <AD_Column_ID reference="uuid" reference-key="AD_Column">ec3a09c3-38d6-4fe6-9ff7-f5342b1b2835</AD_Column_ID>
            <IsPageBreak>N</IsPageBreak>
            <IsRelativePosition>Y</IsRelativePosition>
            <MaxWidth>0</MaxWidth>
            <IsSummarized>N</IsSummarized>
            <YPosition>0</YPosition>
            <AD_PrintColor_ID reference="id"/>
            <AD_PrintFormat_ID reference="uuid" reference-key="AD_PrintFormat">cc89e1c0-17be-4a78-a3b1-9bdaa3e3206c</AD_PrintFormat_ID>
            <XSpace>0</XSpace>
            <AD_PrintFont_ID reference="id"/>
            <IsActive>Y</IsActive>
            <IsHeightOneLine>N</IsHeightOneLine>
            <MaxHeight>0</MaxHeight>
            <XPosition>0</XPosition>
            <FieldAlignmentType>L</FieldAlignmentType>
            <IsPrinted>Y</IsPrinted>
            <IsOrderBy>N</IsOrderBy>
            <IsGroupBy>N</IsGroupBy>
            <LineAlignmentType>X</LineAlignmentType>
            <PrintFormatType>F</PrintFormatType>
            <PrintAreaType>C</PrintAreaType>
            <ImageURL/>
            <ImageIsAttached>N</ImageIsAttached>
            <IsCounted>N</IsCounted>
            <IsAveraged>N</IsAveraged>
            <IsSuppressNull>N</IsSuppressNull>
            <IsSetNLPosition>N</IsSetNLPosition>
            <BelowColumn/>
            <AD_PrintGraph_ID reference="id"/>
            <IsNextPage>N</IsNextPage>
            <IsFixedWidth>N</IsFixedWidth>
            <PrintNameSuffix/>
            <IsMaxCalc>N</IsMaxCalc>
            <RunningTotalLines/>
            <IsRunningTotal>N</IsRunningTotal>
            <IsMinCalc>N</IsMinCalc>
            <IsVarianceCalc>N</IsVarianceCalc>
            <IsDeviationCalc>N</IsDeviationCalc>
            <IsFilledRectangle>N</IsFilledRectangle>
            <LineWidth>1</LineWidth>
            <ArcDiameter>0</ArcDiameter>
            <ShapeType>N</ShapeType>
            <IsCentrallyMaintained>Y</IsCentrallyMaintained>
            <IsImageField>N</IsImageField>
            <BarcodeType/>
            <FormatPattern/>
            <IsSuppressRepeats>N</IsSuppressRepeats>
            <AD_PrintFormatItem_UU>74875a34-3beb-4b5d-ae85-a8ca61cf76f6</AD_PrintFormatItem_UU>
            <IsDesc>N</IsDesc>
            <AD_PrintFormatItem_Trl type="translation">
                <PrintName>Date :</PrintName>
                <PrintNameSuffix/>
                <Name>Date</Name>
                <AD_Language>es_CO</AD_Language>
                <IsActive>Y</IsActive>
                <IsTranslated>Y</IsTranslated>
            </AD_PrintFormatItem_Trl>
        </AD_PrintFormatItem>
        <AD_PrintFormatItem type="table">
            <AD_Org_ID>@AD_Org_ID@</AD_Org_ID>
            <SeqNo>30</SeqNo>
            <Name>Transfer Time</Name>
            <IsNextLine>Y</IsNextLine>
            <AD_PrintFormatChild_ID reference="id"/>
            <PrintName>Transfer Time :</PrintName>
            <YSpace>5</YSpace>
            <SortNo>0</SortNo>
            <AD_Column_ID reference="uuid" reference-key="AD_Column">254efb5b-90c7-4201-9819-134d31e1d55e</AD_Column_ID>
            <IsPageBreak>N</IsPageBreak>
            <IsRelativePosition>Y</IsRelativePosition>
            <MaxWidth>0</MaxWidth>
            <IsSummarized>N</IsSummarized>
            <YPosition>0</YPosition>
            <AD_PrintColor_ID reference="id"/>
            <AD_PrintFormat_ID reference="uuid" reference-key="AD_PrintFormat">cc89e1c0-17be-4a78-a3b1-9bdaa3e3206c</AD_PrintFormat_ID>
            <XSpace>0</XSpace>
            <AD_PrintFont_ID reference="id"/>
            <IsActive>Y</IsActive>
            <IsHeightOneLine>N</IsHeightOneLine>
            <MaxHeight>0</MaxHeight>
            <XPosition>0</XPosition>
            <FieldAlignmentType>L</FieldAlignmentType>
            <IsPrinted>Y</IsPrinted>
            <IsOrderBy>N</IsOrderBy>
            <IsGroupBy>N</IsGroupBy>
            <LineAlignmentType>X</LineAlignmentType>
            <PrintFormatType>F</PrintFormatType>
            <PrintAreaType>C</PrintAreaType>
            <ImageURL/>
            <ImageIsAttached>N</ImageIsAttached>
            <IsCounted>N</IsCounted>
            <IsAveraged>N</IsAveraged>
            <IsSuppressNull>N</IsSuppressNull>
            <IsSetNLPosition>N</IsSetNLPosition>
            <BelowColumn/>
            <AD_PrintGraph_ID reference="id"/>
            <IsNextPage>N</IsNextPage>
            <IsFixedWidth>N</IsFixedWidth>
            <PrintNameSuffix/>
            <IsMaxCalc>N</IsMaxCalc>
            <RunningTotalLines/>
            <IsRunningTotal>N</IsRunningTotal>
            <IsMinCalc>N</IsMinCalc>
            <IsVarianceCalc>N</IsVarianceCalc>
            <IsDeviationCalc>N</IsDeviationCalc>
            <IsFilledRectangle>N</IsFilledRectangle>
            <LineWidth>1</LineWidth>
            <ArcDiameter>0</ArcDiameter>
            <ShapeType>N</ShapeType>
            <IsCentrallyMaintained>Y</IsCentrallyMaintained>
            <IsImageField>N</IsImageField>
            <BarcodeType/>
            <FormatPattern/>
            <IsSuppressRepeats>N</IsSuppressRepeats>
            <AD_PrintFormatItem_UU>88a178c4-72f2-4bb3-8e12-0eb656f222f5</AD_PrintFormatItem_UU>
            <IsDesc>N</IsDesc>
            <AD_PrintFormatItem_Trl type="translation">
                <PrintName>Transfer Time :</PrintName>
                <PrintNameSuffix/>
                <Name>Transfer Time</Name>
                <AD_Language>es_CO</AD_Language>
                <IsActive>Y</IsActive>
                <IsTranslated>Y</IsTranslated>
            </AD_PrintFormatItem_Trl>
        </AD_PrintFormatItem>
        <AD_PrintFormatItem type="table">
            <AD_Org_ID>@AD_Org_ID@</AD_Org_ID>
            <SeqNo>40</SeqNo>
            <Name>Payment Type</Name>
            <IsNextLine>Y</IsNextLine>
            <AD_PrintFormatChild_ID reference="id"/>
            <PrintName>Payment Type :</PrintName>
            <YSpace>5</YSpace>
            <SortNo>0</SortNo>
            <AD_Column_ID reference="uuid" reference-key="AD_Column">13531dd3-0451-4bdf-a890-1b7b49c28875</AD_Column_ID>
            <IsPageBreak>N</IsPageBreak>
            <IsRelativePosition>Y</IsRelativePosition>
            <MaxWidth>0</MaxWidth>
            <IsSummarized>N</IsSummarized>
            <YPosition>0</YPosition>
            <AD_PrintColor_ID reference="id"/>
            <AD_PrintFormat_ID reference="uuid" reference-key="AD_PrintFormat">cc89e1c0-17be-4a78-a3b1-9bdaa3e3206c</AD_PrintFormat_ID>
            <XSpace>0</XSpace>
            <AD_PrintFont_ID reference="id"/>
            <IsActive>Y</IsActive>
            <IsHeightOneLine>N</IsHeightOneLine>
            <MaxHeight>0</MaxHeight>
            <XPosition>0</XPosition>
            <FieldAlignmentType>L</FieldAlignmentType>
            <IsPrinted>Y</IsPrinted>
            <IsOrderBy>N</IsOrderBy>
            <IsGroupBy>N</IsGroupBy>
            <LineAlignmentType>X</LineAlignmentType>
            <PrintFormatType>F</PrintFormatType>
            <PrintAreaType>C</PrintAreaType>
            <ImageURL/>
            <ImageIsAttached>N</ImageIsAttached>
            <IsCounted>N</IsCounted>
            <IsAveraged>N</IsAveraged>
            <IsSuppressNull>N</IsSuppressNull>
            <IsSetNLPosition>N</IsSetNLPosition>
            <BelowColumn/>
            <AD_PrintGraph_ID reference="id"/>
            <IsNextPage>N</IsNextPage>
            <IsFixedWidth>N</IsFixedWidth>
            <PrintNameSuffix/>
            <IsMaxCalc>N</IsMaxCalc>
            <RunningTotalLines/>
            <IsRunningTotal>N</IsRunningTotal>
            <IsMinCalc>N</IsMinCalc>
            <IsVarianceCalc>N</IsVarianceCalc>
            <IsDeviationCalc>N</IsDeviationCalc>
            <IsFilledRectangle>N</IsFilledRectangle>
            <LineWidth>1</LineWidth>
            <ArcDiameter>0</ArcDiameter>
            <ShapeType>N</ShapeType>
            <IsCentrallyMaintained>Y</IsCentrallyMaintained>
            <IsImageField>N</IsImageField>
            <BarcodeType/>
            <FormatPattern/>
            <IsSuppressRepeats>N</IsSuppressRepeats>
            <AD_PrintFormatItem_UU>cd044f91-a8e3-4534-b92b-69de3963f658</AD_PrintFormatItem_UU>
            <IsDesc>N</IsDesc>
            <AD_PrintFormatItem_Trl type="translation">
                <PrintName>Payment Type :</PrintName>
                <PrintNameSuffix/>
                <Name>Payment Type</Name>
                <AD_Language>es_CO</AD_Language>
                <IsActive>Y</IsActive>
                <IsTranslated>Y</IsTranslated>
            </AD_PrintFormatItem_Trl>
        </AD_PrintFormatItem>
        <AD_PrintFormatItem type="table">
            <AD_Org_ID>@AD_Org_ID@</AD_Org_ID>
            <SeqNo>50</SeqNo>
            <Name>Description</Name>
            <IsNextLine>Y</IsNextLine>
            <AD_PrintFormatChild_ID reference="id"/>
            <PrintName>Description :</PrintName>
            <YSpace>5</YSpace>
            <SortNo>0</SortNo>
            <AD_Column_ID reference="uuid" reference-key="AD_Column">4549339b-9de2-4ca8-abcf-f73940a31cbd</AD_Column_ID>
            <IsPageBreak>N</IsPageBreak>
            <IsRelativePosition>Y</IsRelativePosition>
            <MaxWidth>0</MaxWidth>
            <IsSummarized>N</IsSummarized>
            <YPosition>0</YPosition>
            <AD_PrintColor_ID reference="id"/>
            <AD_PrintFormat_ID reference="uuid" reference-key="AD_PrintFormat">cc89e1c0-17be-4a78-a3b1-9bdaa3e3206c</AD_PrintFormat_ID>
            <XSpace>0</XSpace>
            <AD_PrintFont_ID reference="id"/>
            <IsActive>Y</IsActive>
            <IsHeightOneLine>N</IsHeightOneLine>
            <MaxHeight>0</MaxHeight>
            <XPosition>0</XPosition>
            <FieldAlignmentType>L</FieldAlignmentType>
            <IsPrinted>Y</IsPrinted>
            <IsOrderBy>N</IsOrderBy>
            <IsGroupBy>N</IsGroupBy>
            <LineAlignmentType>X</LineAlignmentType>
            <PrintFormatType>F</PrintFormatType>
            <PrintAreaType>C</PrintAreaType>
            <ImageURL/>
            <ImageIsAttached>N</ImageIsAttached>
            <IsCounted>N</IsCounted>
            <IsAveraged>N</IsAveraged>
            <IsSuppressNull>N</IsSuppressNull>
            <IsSetNLPosition>N</IsSetNLPosition>
            <BelowColumn/>
            <AD_PrintGraph_ID reference="id"/>
            <IsNextPage>N</IsNextPage>
            <IsFixedWidth>N</IsFixedWidth>
            <PrintNameSuffix/>
            <IsMaxCalc>N</IsMaxCalc>
            <RunningTotalLines/>
            <IsRunningTotal>N</IsRunningTotal>
            <IsMinCalc>N</IsMinCalc>
            <IsVarianceCalc>N</IsVarianceCalc>
            <IsDeviationCalc>N</IsDeviationCalc>
            <IsFilledRectangle>N</IsFilledRectangle>
            <LineWidth>1</LineWidth>
            <ArcDiameter>0</ArcDiameter>
            <ShapeType>N</ShapeType>
            <IsCentrallyMaintained>Y</IsCentrallyMaintained>
            <IsImageField>N</IsImageField>
            <BarcodeType/>
            <FormatPattern/>
            <IsSuppressRepeats>N</IsSuppressRepeats>
            <AD_PrintFormatItem_UU>ba02f3c0-f731-481d-a71d-115146567c82</AD_PrintFormatItem_UU>
            <IsDesc>N</IsDesc>
            <AD_PrintFormatItem_Trl type="translation">
                <PrintName>Description :</PrintName>
                <PrintNameSuffix/>
                <Name>Description</Name>
                <AD_Language>es_CO</AD_Language>
                <IsActive>Y</IsActive>
                <IsTranslated>Y</IsTranslated>
            </AD_PrintFormatItem_Trl>
        </AD_PrintFormatItem>
        <AD_PrintFormatItem type="table">
            <AD_Org_ID>@AD_Org_ID@</AD_Org_ID>
            <SeqNo>60</SeqNo>
            <Name>Processed</Name>
            <IsNextLine>Y</IsNextLine>
            <AD_PrintFormatChild_ID reference="id"/>
            <PrintName>Processed :</PrintName>
            <YSpace>5</YSpace>
            <SortNo>0</SortNo>
            <AD_Column_ID reference="uuid" reference-key="AD_Column">a6b0b8ac-8806-40aa-bf37-a96e1abfe078</AD_Column_ID>
            <IsPageBreak>N</IsPageBreak>
            <IsRelativePosition>Y</IsRelativePosition>
            <MaxWidth>0</MaxWidth>
            <IsSummarized>N</IsSummarized>
            <YPosition>0</YPosition>
            <AD_PrintColor_ID reference="id"/>
            <AD_PrintFormat_ID reference="uuid" reference-key="AD_PrintFormat">cc89e1c0-17be-4a78-a3b1-9bdaa3e3206c</AD_PrintFormat_ID>
            <XSpace>0</XSpace>
            <AD_PrintFont_ID reference="id"/>
            <IsActive>Y</IsActive>
            <IsHeightOneLine>N</IsHeightOneLine>
            <MaxHeight>0</MaxHeight>
            <XPosition>0</XPosition>
            <FieldAlignmentType>L</FieldAlignmentType>
            <IsPrinted>Y</IsPrinted>
            <IsOrderBy>N</IsOrderBy>
            <IsGroupBy>N</IsGroupBy>
            <LineAlignmentType>X</LineAlignmentType>
            <PrintFormatType>F</PrintFormatType>
            <PrintAreaType>C</PrintAreaType>
            <ImageURL/>
            <ImageIsAttached>N</ImageIsAttached>
            <IsCounted>N</IsCounted>
            <IsAveraged>N</IsAveraged>
            <IsSuppressNull>N</IsSuppressNull>
            <IsSetNLPosition>N</IsSetNLPosition>
            <BelowColumn/>
            <AD_PrintGraph_ID reference="id"/>
            <IsNextPage>N</IsNextPage>
            <IsFixedWidth>N</IsFixedWidth>
            <PrintNameSuffix/>
            <IsMaxCalc>N</IsMaxCalc>
            <RunningTotalLines/>
            <IsRunningTotal>N</IsRunningTotal>
            <IsMinCalc>N</IsMinCalc>
            <IsVarianceCalc>N</IsVarianceCalc>
            <IsDeviationCalc>N</IsDeviationCalc>
            <IsFilledRectangle>N</IsFilledRectangle>
            <LineWidth>1</LineWidth>
            <ArcDiameter>0</ArcDiameter>
            <ShapeType>N</ShapeType>
            <IsCentrallyMaintained>Y</IsCentrallyMaintained>
            <IsImageField>N</IsImageField>
            <BarcodeType/>
            <FormatPattern/>
            <IsSuppressRepeats>N</IsSuppressRepeats>
            <AD_PrintFormatItem_UU>cffbe432-d578-40fa-b937-bc6c2f748c4c</AD_PrintFormatItem_UU>
            <IsDesc>N</IsDesc>
            <AD_PrintFormatItem_Trl type="translation">
                <PrintName>Processed :</PrintName>
                <PrintNameSuffix/>
                <Name>Processed</Name>
                <AD_Language>es_CO</AD_Language>
                <IsActive>Y</IsActive>
                <IsTranslated>Y</IsTranslated>
            </AD_PrintFormatItem_Trl>
        </AD_PrintFormatItem>
        <AD_PrintFormatItem type="table">
            <AD_Org_ID>@AD_Org_ID@</AD_Org_ID>
            <SeqNo>70</SeqNo>
            <Name>Document Note</Name>
            <IsNextLine>Y</IsNextLine>
            <AD_PrintFormatChild_ID reference="id"/>
            <PrintName>File Names :-</PrintName>
            <YSpace>0</YSpace>
            <SortNo>0</SortNo>
            <AD_Column_ID reference="uuid" reference-key="AD_Column">470bc17b-d7f6-473e-aa6b-30db30681eb9</AD_Column_ID>
            <IsPageBreak>N</IsPageBreak>
            <IsRelativePosition>Y</IsRelativePosition>
            <MaxWidth>0</MaxWidth>
            <IsSummarized>N</IsSummarized>
            <YPosition>0</YPosition>
            <AD_PrintColor_ID reference="id"/>
            <AD_PrintFormat_ID reference="uuid" reference-key="AD_PrintFormat">cc89e1c0-17be-4a78-a3b1-9bdaa3e3206c</AD_PrintFormat_ID>
            <XSpace>0</XSpace>
            <AD_PrintFont_ID reference="id"/>
            <IsActive>N</IsActive>
            <IsHeightOneLine>N</IsHeightOneLine>
            <MaxHeight>0</MaxHeight>
            <XPosition>0</XPosition>
            <FieldAlignmentType>B</FieldAlignmentType>
            <IsPrinted>Y</IsPrinted>
            <IsOrderBy>N</IsOrderBy>
            <IsGroupBy>N</IsGroupBy>
            <LineAlignmentType>X</LineAlignmentType>
            <PrintFormatType>F</PrintFormatType>
            <PrintAreaType>C</PrintAreaType>
            <ImageURL/>
            <ImageIsAttached>N</ImageIsAttached>
            <IsCounted>N</IsCounted>
            <IsAveraged>N</IsAveraged>
            <IsSuppressNull>N</IsSuppressNull>
            <IsSetNLPosition>N</IsSetNLPosition>
            <BelowColumn/>
            <AD_PrintGraph_ID reference="id"/>
            <IsNextPage>N</IsNextPage>
            <IsFixedWidth>N</IsFixedWidth>
            <PrintNameSuffix/>
            <IsMaxCalc>N</IsMaxCalc>
            <RunningTotalLines/>
            <IsRunningTotal>N</IsRunningTotal>
            <IsMinCalc>N</IsMinCalc>
            <IsVarianceCalc>N</IsVarianceCalc>
            <IsDeviationCalc>N</IsDeviationCalc>
            <IsFilledRectangle>N</IsFilledRectangle>
            <LineWidth>1</LineWidth>
            <ArcDiameter>0</ArcDiameter>
            <ShapeType>N</ShapeType>
            <IsCentrallyMaintained>Y</IsCentrallyMaintained>
            <IsImageField>N</IsImageField>
            <BarcodeType/>
            <FormatPattern/>
            <IsSuppressRepeats>N</IsSuppressRepeats>
            <AD_PrintFormatItem_UU>07df0d5c-e8d6-416e-aee6-2b62a11093e3</AD_PrintFormatItem_UU>
            <IsDesc>N</IsDesc>
            <AD_PrintFormatItem_Trl type="translation">
                <PrintName>File Names :-</PrintName>
                <PrintNameSuffix/>
                <Name>Document Note</Name>
                <AD_Language>es_CO</AD_Language>
                <IsActive>Y</IsActive>
                <IsTranslated>Y</IsTranslated>
            </AD_PrintFormatItem_Trl>
        </AD_PrintFormatItem>
        <AD_PrintFormatItem type="table">
            <AD_Org_ID>@AD_Org_ID@</AD_Org_ID>
            <SeqNo>80</SeqNo>
            <Name>Details</Name>
            <IsNextLine>Y</IsNextLine>
            <AD_PrintFormatChild_ID reference="uuid" reference-key="AD_PrintFormat">620a6149-4650-487e-a958-a671d60bf9c0</AD_PrintFormatChild_ID>
            <PrintName/>
            <YSpace>10</YSpace>
            <SortNo>0</SortNo>
            <AD_Column_ID reference="uuid" reference-key="AD_Column">ff2e1bcf-f25f-4407-a4bc-fc5d9ad115c3</AD_Column_ID>
            <IsPageBreak>N</IsPageBreak>
            <IsRelativePosition>Y</IsRelativePosition>
            <MaxWidth>0</MaxWidth>
            <IsSummarized>N</IsSummarized>
            <YPosition>0</YPosition>
            <AD_PrintColor_ID reference="id">100</AD_PrintColor_ID>
            <AD_PrintFormat_ID reference="uuid" reference-key="AD_PrintFormat">cc89e1c0-17be-4a78-a3b1-9bdaa3e3206c</AD_PrintFormat_ID>
            <XSpace>0</XSpace>
            <AD_PrintFont_ID reference="id">130</AD_PrintFont_ID>
            <IsActive>Y</IsActive>
            <IsHeightOneLine>Y</IsHeightOneLine>
            <MaxHeight>0</MaxHeight>
            <XPosition>0</XPosition>
            <FieldAlignmentType>D</FieldAlignmentType>
            <IsPrinted>Y</IsPrinted>
            <IsOrderBy>N</IsOrderBy>
            <IsGroupBy>N</IsGroupBy>
            <LineAlignmentType>X</LineAlignmentType>
            <PrintFormatType>P</PrintFormatType>
            <PrintAreaType>C</PrintAreaType>
            <ImageURL/>
            <ImageIsAttached>N</ImageIsAttached>
            <IsCounted>N</IsCounted>
            <IsAveraged>N</IsAveraged>
            <IsSuppressNull>N</IsSuppressNull>
            <IsSetNLPosition>N</IsSetNLPosition>
            <BelowColumn>0</BelowColumn>
            <AD_PrintGraph_ID reference="id"/>
            <IsNextPage>N</IsNextPage>
            <IsFixedWidth>N</IsFixedWidth>
            <PrintNameSuffix/>
            <IsMaxCalc>N</IsMaxCalc>
            <RunningTotalLines>20</RunningTotalLines>
            <IsRunningTotal>N</IsRunningTotal>
            <IsMinCalc>N</IsMinCalc>
            <IsVarianceCalc>N</IsVarianceCalc>
            <IsDeviationCalc>N</IsDeviationCalc>
            <IsFilledRectangle>N</IsFilledRectangle>
            <LineWidth>1</LineWidth>
            <ArcDiameter>0</ArcDiameter>
            <ShapeType>N</ShapeType>
            <IsCentrallyMaintained>N</IsCentrallyMaintained>
            <IsImageField>N</IsImageField>
            <BarcodeType/>
            <FormatPattern/>
            <IsSuppressRepeats>N</IsSuppressRepeats>
            <AD_PrintFormatItem_UU>444000c4-4b7a-4003-a4a9-44311562f93b</AD_PrintFormatItem_UU>
            <IsDesc>N</IsDesc>
            <AD_PrintFormatItem_Trl type="translation">
                <PrintName/>
                <PrintNameSuffix/>
                <Name>Details</Name>
                <AD_Language>es_CO</AD_Language>
                <IsActive>Y</IsActive>
                <IsTranslated>N</IsTranslated>
            </AD_PrintFormatItem_Trl>
        </AD_PrintFormatItem>
    </AD_PrintFormat>
</idempiere>
