<?xml version="1.0" encoding="UTF-8"?><idempiere Name="Signature" Version="1.0.0" idempiereVersion="" DataBaseVersion="" Description="" Author="" AuthorEmail="sbhimani@logilite.com" CreatedDate="2017-05-31 12:32:56.581" UpdatedDate="2017-05-31 12:32:56.581" PackOutVersion="100" UpdateDictionary="true" Client="0-SYSTEM-System" AD_Client_UU="11237b53-9592-4af1-b3c5-afd216514b5d">
    <AD_Reference type="table">
        <AD_Client_ID>0</AD_Client_ID>
        <AD_Org_ID>0</AD_Org_ID>
        <Name>Signature</Name>
        <Description/>
        <Help/>
        <ValidationType>D</ValidationType>
        <IsActive>Y</IsActive>
        <VFormat/>
        <EntityType>U</EntityType>
        <IsOrderByValue>N</IsOrderByValue>
        <AD_Reference_UU>911a4244-5672-4759-bbac-06677319d7d1</AD_Reference_UU>
        <AD_Reference_Trl type="translation">
            <Help/>
            <Name>Signature</Name>
            <Description/>
            <AD_Language>es_CO</AD_Language>
            <IsActive>Y</IsActive>
            <IsTranslated>N</IsTranslated>
        </AD_Reference_Trl>
    </AD_Reference>
</idempiere>
